Tipo,Cargo u oficio por entrevistados,NIVEL,PROGRAMA,MUNICIPIO,TOTAL_MATRICULADOS_2017,TOTAL_MATRICULADOS_2018,VARIACION_PORCENTUAL_2018_2017
CRÍTICO,ADMINISTRADOR DE BASES DE DATOS,TECNÓLOGO,TECNOLOGÍA EN ANÁLISIS Y DESARROLLO DE SISTEMAS DE INFORMACIÓN,MEDELLÍN,6178,4750,-0.2311427646
CRÍTICO,ADMINISTRADOR DE BASES DE DATOS,TECNÓLOGO,TECNOLOGÍA EN ANÁLISIS Y DESARROLLO DE SISTEMAS DE INFORMACIÓN,MANIZALES,1829,1291,-0.2941
CRÍTICO,ADMINISTRADOR DE BASES DE DATOS,UNIVERSITARIO,INGENIERÍA ELECTRÓNICA,MANIZALES,236,304,0.2881
CRÍTICO,ADMINISTRADOR DE BASES DE DATOS,UNIVERSITARIO,INGENIERÍA DE SISTEMAS,MANIZALES,2124,2145,0.0099
CRÍTICO,ADMINISTRADOR DE BASES DE DATOS,UNIVERSITARIO,INGENIERÍA ELECTRÓNICA,MEDELLÍN,498,628,0.261
CRÍTICO,ADMINISTRADOR DE BASES DE DATOS,UNIVERSITARIO,INGENIERÍA DE SISTEMAS,MEDELLÍN,8307,9279,0.117
ALTA ROTACIÓN,ADMINISTRADOR DE MESA DE AYUDA,TÉCNICO,TÉCNICO EN SISTEMAS,BOGOTÁ,0,0,0
ALTA ROTACIÓN,ADMINISTRADOR DE MESA DE AYUDA,UNIVERSITARIO,INGENIERÍA ELECTRÓNICA,BOGOTÁ,11772,10896,-0.0744
ALTA ROTACIÓN,ADMINISTRADOR DE MESA DE AYUDA,UNIVERSITARIO,INGENIERÍA DE SISTEMAS,BOGOTÁ,25659,25226,-0.0169
CRÍTICO,ADMINISTRADOR DE PLATAFORMAS,TECNÓLOGO,TECNOLOGÍA EN ANÁLISIS Y DESARROLLO DE SISTEMAS DE INFORMACIÓN,MEDELLÍN,6178,4750,-0.2311
CRÍTICO,ADMINISTRADOR DE PLATAFORMAS,TECNÓLOGO,TECNOLOGÍA EN DESARROLLO DE SISTEMAS INFORMÁTICOS,BUCARAMANGA,1210,1209,-0.0008
CRÍTICO,ADMINISTRADOR DE PLATAFORMAS,TECNÓLOGO,TECNOLOGÍA EN ANÁLISIS Y DESARROLLO DE SISTEMAS DE INFORMACIÓN,BOGOTÁ,14217,15000,0.0551
CRÍTICO,ADMINISTRADOR DE PLATAFORMAS,UNIVERSITARIO,INGENIERÍA ELECTRÓNICA,MEDELLÍN,498,628,0.261
CRÍTICO,ADMINISTRADOR DE PLATAFORMAS,UNIVERSITARIO,INGENIERÍA DE SISTEMAS,MEDELLÍN,8307,9279,0.117
CRÍTICO,ADMINISTRADOR DE PLATAFORMAS,UNIVERSITARIO,INGENIERÍA ELECTRÓNICA,BUCARAMANGA,2787,2616,-0.0614
CRÍTICO,ADMINISTRADOR DE PLATAFORMAS,UNIVERSITARIO,INGENIERÍA ELECTRÓNICA,BOGOTÁ,11772,10896,-0.0744
CRÍTICO,ADMINISTRADOR DE PLATAFORMAS,UNIVERSITARIO,INGENIERÍA DE SISTEMAS,BUCARAMANGA,3333,3525,0.0576
CRÍTICO,ADMINISTRADOR DE PLATAFORMAS,UNIVERSITARIO,INGENIERÍA DE SISTEMAS,BOGOTÁ,25659,25226,-0.0169
CRÍTICO,ANALISTA DE CALIDAD,TECNÓLOGO,TECNOLOGÍA EN ANÁLISIS Y DESARROLLO DE SISTEMAS DE INFORMACIÓN,MANIZALES,1829,1291,-0.2941
ALTA ROTACIÓN,ANALISTA DE CALIDAD,TECNÓLOGO,TECNOLOGÍA EN ANÁLISIS Y DESARROLLO DE SISTEMAS DE INFORMACIÓN,MANIZALES,1829,1291,-0.2941
CRÍTICO,ANALISTA DE CALIDAD,TECNÓLOGO,TECNOLOGÍA EN SISTEMAS DE INFORMACIÓN,CALI,3407,3592,0.0543
ALTA ROTACIÓN,ANALISTA DE CALIDAD,TECNÓLOGO,TECNOLOGÍA EN SISTEMAS DE INFORMACIÓN,CALI,3407,3592,0.0543
CRÍTICO,ANALISTA DE CALIDAD,UNIVERSITARIO,INGENIERÍA DE SISTEMAS,CALI,4255,4464,0.0491
ALTA ROTACIÓN,ANALISTA DE CALIDAD,UNIVERSITARIO,INGENIERÍA DE SISTEMAS,CALI,4255,4464,0.0491
CRÍTICO,ANALISTA DE CALIDAD,UNIVERSITARIO,INGENIERÍA DE SISTEMAS,MANIZALES,2124,2145,0.0099
ALTA ROTACIÓN,ANALISTA DE CALIDAD,UNIVERSITARIO,INGENIERÍA DE SISTEMAS,MANIZALES,2124,2145,0.0099
CRÍTICO,ANALISTA DE DATOS,TÉCNICO,TÉCNICO EN SISTEMAS,BOGOTÁ,0,0,0
ALTA DEMANDA,ANALISTA DE DATOS,TÉCNICO,TÉCNICO EN SISTEMAS,BOGOTÁ,0,0,0
CRÍTICO,ANALISTA DE DATOS,TÉCNICO,TÉCNICO EN SISTEMAS,MEDELLÍN,909,1160,0.2761
ALTA DEMANDA,ANALISTA DE DATOS,TÉCNICO,TÉCNICO EN SISTEMAS,MEDELLÍN,909,1160,0.2761
CRÍTICO,ANALISTA DE REDES Y SOPORTES,TECNÓLOGO,TECNOLOGÍA EN ANÁLISIS Y DESARROLLO DE SISTEMAS DE INFORMACIÓN,BOGOTÁ,14217,15000,0.0551
CRÍTICO,ANALISTA DE REDES Y SOPORTES,UNIVERSITARIO,INGENIERÍA DE SISTEMAS,BOGOTÁ,25659,25226,-0.0169
ALTA DEMANDA,ANALISTA DE SOFTWARE - DESARROLLADOR DE APLICACIONES,TECNÓLOGO,TECNOLOGÍA EN DESARROLLO DE SISTEMAS INFORMÁTICOS,BUCARAMANGA,1210,1209,-0.0008
ALTA DEMANDA,ANALISTA DE SOFTWARE - DESARROLLADOR DE APLICACIONES,TECNÓLOGO,TECNOLOGÍA EN ANÁLISIS Y DESARROLLO DE SISTEMAS DE INFORMACIÓN,BARRANQUILLA,3890,4009,0.0306
ALTA DEMANDA,ANALISTA DE SOFTWARE - DESARROLLADOR DE APLICACIONES,TECNÓLOGO,TECNOLOGÍA DE SOFTWARE,BARRANQUILLA,333,220,-0.3393
ALTA DEMANDA,ANALISTA DE SOFTWARE - DESARROLLADOR DE APLICACIONES,TECNÓLOGO,TECNOLOGÍA EN ANÁLISIS Y DESARROLLO DE SISTEMAS DE INFORMACIÓN,BOGOTÁ,14217,15000,0.0551
ALTA DEMANDA,ANALISTA DE SOFTWARE - DESARROLLADOR DE APLICACIONES,TECNÓLOGO,TECNOLOGÍA DE SOFTWARE,BOGOTÁ,1571,1542,-0.0185
ALTA DEMANDA,ANALISTA DE SOFTWARE - DESARROLLADOR DE APLICACIONES,UNIVERSITARIO,INGENIERÍA DE SISTEMAS,BUCARAMANGA,3333,3525,0.0576
ALTA DEMANDA,ANALISTA DE SOFTWARE - DESARROLLADOR DE APLICACIONES,UNIVERSITARIO,INGENIERÍA DE SISTEMAS,BARRANQUILLA,3198,3163,-0.0109
ALTA DEMANDA,ANALISTA DE SOFTWARE - DESARROLLADOR DE APLICACIONES,UNIVERSITARIO,INGENIERÍA DE SOFTWARE,BUCARAMANGA,44,68,0.5455
ALTA DEMANDA,ANALISTA DE SOFTWARE - DESARROLLADOR DE APLICACIONES,UNIVERSITARIO,INGENIERÍA DE SOFTWARE,BOGOTÁ,1362,2517,0.848
ALTA DEMANDA,ANALISTA DE SOFTWARE - DESARROLLADOR DE APLICACIONES,UNIVERSITARIO,INGENIERÍA DE SISTEMAS,BOGOTÁ,25659,25226,-0.0169
CRÍTICO,ANALISTA DE SOPORTE,TÉCNICO,TÉCNICO EN SISTEMAS,BOGOTÁ,0,0,0
ALTA ROTACIÓN,ANALISTA DE SOPORTE,TÉCNICO,TÉCNICO EN SISTEMAS,BOGOTÁ,0,0,0
ALTA DEMANDA,ARQUITECTO DE SOLUCIONES,UNIVERSITARIO,INGENIERÍA DE SISTEMAS,MEDELLÍN,8307,9279,0.117
ALTA DEMANDA,ARQUITECTO DE SOLUCIONES,UNIVERSITARIO,INGENIERÍA DE SISTEMAS,BARRANQUILLA,3198,3163,-0.0109
ALTA DEMANDA,ARQUITECTO DE SOLUCIONES,UNIVERSITARIO,INGENIERÍA DE SISTEMAS,BOGOTÁ,25659,25226,-0.0169
ALTA DEMANDA,ARQUITECTO DE SOLUCIONES,UNIVERSITARIO,INGENIERÍA DE SISTEMAS,MEDELLÍN,8307,9279,0.117
ALTA DEMANDA,ARQUITECTO DE SOLUCIONES,UNIVERSITARIO,INGENIERÍA DE SISTEMAS,BARRANQUILLA,3198,3163,-0.0109
ALTA DEMANDA,ARQUITECTO DE SOLUCIONES,POSGRADO,GERENCIA DE SISTEMAS DE INFORMACIÓN,MEDELLÍN,188,213,0.133
ALTA DEMANDA,ARQUITECTO DE SOLUCIONES,POSGRADO,ESPECIALIZACIÓN EN DESARROLLO DE BASES DE DATOS,BOGOTÁ,111,86,-0.2252
ALTA ROTACIÓN,ASESOR DE SOPORTE AL CLIENTE,UNIVERSITARIO,INGENIERÍA DE SISTEMAS,BUCARAMANGA,3333,3525,0.0576
ALTA ROTACIÓN,ASESOR DE SOPORTE AL CLIENTE,UNIVERSITARIO,INGENIERÍA DE SISTEMAS,MEDELLÍN,8307,9279,0.117
CRÍTICO,ANALISTA DE SOPORTE,TECNÓLOGO,TECNOLOGÍA EN ANÁLISIS Y DESARROLLO DE SISTEMAS DE INFORMACIÓN,ARMENIA,1211,1286,0.0619
ALTA ROTACIÓN,ANALISTA DE SOPORTE,TECNÓLOGO,TECNOLOGÍA EN ANÁLISIS Y DESARROLLO DE SISTEMAS DE INFORMACIÓN,ARMENIA,1211,1286,0.0619
CRÍTICO,ANALISTA DE SOPORTE,TECNÓLOGO,TECNOLOGÍA EN ANÁLISIS Y DESARROLLO DE SISTEMAS DE INFORMACIÓN,BOGOTÁ,14217,15000,0.0551
ALTA ROTACIÓN,ANALISTA DE SOPORTE,TECNÓLOGO,TECNOLOGÍA EN ANÁLISIS Y DESARROLLO DE SISTEMAS DE INFORMACIÓN,BOGOTÁ,14217,15000,0.0551
CRÍTICO,ANALISTA DE SOPORTE,TECNÓLOGO,TECNOLOGÍA EN DESARROLLO DE SISTEMAS INFORMÁTICOS,BUCARAMANGA,1210,1209,-0.0008
ALTA ROTACIÓN,ANALISTA DE SOPORTE,TECNÓLOGO,TECNOLOGÍA EN DESARROLLO DE SISTEMAS INFORMÁTICOS,BUCARAMANGA,1210,1209,-0.0008
CRÍTICO,ANALISTA DE SOPORTE,UNIVERSITARIO,INGENIERÍA DE SOFTWARE,BUCARAMANGA,44,68,0.5455
ALTA ROTACIÓN,ANALISTA DE SOPORTE,UNIVERSITARIO,INGENIERÍA DE SOFTWARE,BUCARAMANGA,44,68,0.5455
CRÍTICO,ANALISTA DE SOPORTE,UNIVERSITARIO,INGENIERÍA DE SISTEMAS,BUCARAMANGA,3333,3525,0.0576
ALTA ROTACIÓN,ANALISTA DE SOPORTE,UNIVERSITARIO,INGENIERÍA DE SISTEMAS,BUCARAMANGA,3333,3525,0.0576
CRÍTICO,ANALISTA DE SOPORTE,UNIVERSITARIO,INGENIERÍA DE SISTEMAS,BOGOTÁ,25659,25226,-0.0169
ALTA ROTACIÓN,ANALISTA DE SOPORTE,UNIVERSITARIO,INGENIERÍA DE SISTEMAS,BOGOTÁ,25659,25226,-0.0169
CRÍTICO,ANALISTA DE SOPORTE,UNIVERSITARIO,INGENIERÍA DE SISTEMAS,ARMENIA,1304,1541,0.1817
ALTA ROTACIÓN,ANALISTA DE SOPORTE,UNIVERSITARIO,INGENIERÍA DE SISTEMAS,ARMENIA,1304,1541,0.1817
CRÍTICO,ANALISTA DE SOPORTE,UNIVERSITARIO,INGENIERÍA DE SOFTWARE,ARMENIA,60,55,-0.0833
ALTA ROTACIÓN,ANALISTA DE SOPORTE,UNIVERSITARIO,INGENIERÍA DE SOFTWARE,ARMENIA,60,55,-0.0833
CRÍTICO,ANALISTA DE SOPORTE,UNIVERSITARIO,INGENIERÍA DE SOFTWARE,BOGOTÁ,1362,2517,0.848
ALTA ROTACIÓN,ANALISTA DE SOPORTE,UNIVERSITARIO,INGENIERÍA DE SOFTWARE,BOGOTÁ,1362,2517,0.848
CRÍTICO,ANALISTA DE SOPORTE,POSGRADO,GERENCIA DE PROYECTOS,BOGOTÁ,274,251,-0.0839
ALTA ROTACIÓN,ANALISTA DE SOPORTE,POSGRADO,GERENCIA DE PROYECTOS,BOGOTÁ,274,251,-0.0839
CRÍTICO,ANALISTA DE SOPORTE,POSGRADO,GERENCIA DE PROYECTOS,BUCARAMANGA,5,13,1.6
ALTA ROTACIÓN,ANALISTA DE SOPORTE,POSGRADO,GERENCIA DE PROYECTOS,BUCARAMANGA,5,13,1.6
ALTA DEMANDA,ANALISTA EN IA,UNIVERSITARIO,INGENIERÍA DE SISTEMAS,MEDELLÍN,8307,9279,0.117
CRÍTICO,ANALISTA FUNCIONAL,UNIVERSITARIO,INGENIERÍA DE SISTEMAS,BOGOTÁ,25659,25226,-0.0169
ALTA DEMANDA,ANALISTA FUNCIONAL,UNIVERSITARIO,INGENIERÍA DE SISTEMAS,BOGOTÁ,25659,25226,-0.0169
ALTA ROTACIÓN,ANALISTA FUNCIONAL,UNIVERSITARIO,INGENIERÍA DE SISTEMAS,BOGOTÁ,25659,25226,-0.0169
CRÍTICO,ANALISTA SENIOR,UNIVERSITARIO,INGENIERÍA DE SISTEMAS,PEREIRA,2795,2683,-0.0401
CRÍTICO,ARQUITECTO DE INFORMACIÓN,UNIVERSITARIO,INGENIERÍA DE SISTEMAS,BOGOTÁ,25659,25226,-0.0169
CRÍTICO,ARQUITECTO DE SOFTWARE,UNIVERSITARIO,INGENIERÍA ELECTRÓNICA,MANIZALES,236,304,0.2881
ALTA DEMANDA,ARQUITECTO DE SOFTWARE,UNIVERSITARIO,INGENIERÍA ELECTRÓNICA,MANIZALES,236,304,0.2881
ALTA ROTACIÓN,ARQUITECTO DE SOFTWARE,UNIVERSITARIO,INGENIERÍA ELECTRÓNICA,MANIZALES,236,304,0.2881
CRÍTICO,ARQUITECTO DE SOFTWARE,UNIVERSITARIO,INGENIERÍA ELECTRÓNICA,BOGOTÁ,11772,10896,-0.0744
ALTA DEMANDA,ARQUITECTO DE SOFTWARE,UNIVERSITARIO,INGENIERÍA ELECTRÓNICA,BOGOTÁ,11772,10896,-0.0744
ALTA ROTACIÓN,ARQUITECTO DE SOFTWARE,UNIVERSITARIO,INGENIERÍA ELECTRÓNICA,BOGOTÁ,11772,10896,-0.0744
CRÍTICO,ARQUITECTO DE SOFTWARE,UNIVERSITARIO,INGENIERÍA DE SISTEMAS,MANIZALES,2124,2145,0.0099
ALTA DEMANDA,ARQUITECTO DE SOFTWARE,UNIVERSITARIO,INGENIERÍA DE SISTEMAS,MANIZALES,2124,2145,0.0099
ALTA ROTACIÓN,ARQUITECTO DE SOFTWARE,UNIVERSITARIO,INGENIERÍA DE SISTEMAS,MANIZALES,2124,2145,0.0099
CRÍTICO,ARQUITECTO DE SOFTWARE,UNIVERSITARIO,INGENIERÍA ELECTRÓNICA,MEDELLÍN,498,628,0.261
ALTA DEMANDA,ARQUITECTO DE SOFTWARE,UNIVERSITARIO,INGENIERÍA ELECTRÓNICA,MEDELLÍN,498,628,0.261
ALTA ROTACIÓN,ARQUITECTO DE SOFTWARE,UNIVERSITARIO,INGENIERÍA ELECTRÓNICA,MEDELLÍN,498,628,0.261
CRÍTICO,ARQUITECTO DE SOFTWARE,UNIVERSITARIO,INGENIERÍA EN INFORMÁTICA,BOGOTÁ,289,304,0.0519
ALTA DEMANDA,ARQUITECTO DE SOFTWARE,UNIVERSITARIO,INGENIERÍA EN INFORMÁTICA,BOGOTÁ,289,304,0.0519
ALTA ROTACIÓN,ARQUITECTO DE SOFTWARE,UNIVERSITARIO,INGENIERÍA EN INFORMÁTICA,BOGOTÁ,289,304,0.0519
CRÍTICO,ARQUITECTO DE SOFTWARE,UNIVERSITARIO,INGENIERÍA EN INFORMÁTICA,MEDELLÍN,1267,2244,0.7711
ALTA DEMANDA,ARQUITECTO DE SOFTWARE,UNIVERSITARIO,INGENIERÍA EN INFORMÁTICA,MEDELLÍN,1267,2244,0.7711
ALTA ROTACIÓN,ARQUITECTO DE SOFTWARE,UNIVERSITARIO,INGENIERÍA EN INFORMÁTICA,MEDELLÍN,1267,2244,0.7711
CRÍTICO,ARQUITECTO DE SOFTWARE,UNIVERSITARIO,INGENIERÍA DE SISTEMAS,BOGOTÁ,25659,25226,-0.0169
ALTA DEMANDA,ARQUITECTO DE SOFTWARE,UNIVERSITARIO,INGENIERÍA DE SISTEMAS,BOGOTÁ,25659,25226,-0.0169
ALTA ROTACIÓN,ARQUITECTO DE SOFTWARE,UNIVERSITARIO,INGENIERÍA DE SISTEMAS,BOGOTÁ,25659,25226,-0.0169
CRÍTICO,ARQUITECTO DE SOFTWARE,UNIVERSITARIO,INGENIERÍA DE SISTEMAS,MEDELLÍN,8307,9279,0.117
ALTA DEMANDA,ARQUITECTO DE SOFTWARE,UNIVERSITARIO,INGENIERÍA DE SISTEMAS,MEDELLÍN,8307,9279,0.117
ALTA ROTACIÓN,ARQUITECTO DE SOFTWARE,UNIVERSITARIO,INGENIERÍA DE SISTEMAS,MEDELLÍN,8307,9279,0.117
CRÍTICO,ASISITENTE EN ROBÓTICA,TÉCNICO,TÉCNICO EN SISTEMAS,MEDELLÍN,909,1160,0.2761
CRÍTICO,ASISTENTE TÉCNICO,UNIVERSITARIO,INGENIERÍA DE SISTEMAS,BOGOTÁ,25659,25226,-0.0169
ALTA ROTACIÓN,ASISTENTE TÉCNICO,UNIVERSITARIO,INGENIERÍA DE SISTEMAS,BOGOTÁ,25659,25226,-0.0169
ALTA DEMANDA,ASISTENTE DE SISTEMAS,TÉCNICO,TÉCNICO LABORAL EN SISTEMAS INFORMÁTICOS,BARRANQUILLA,0,0,0
ALTA ROTACIÓN,ASISTENTE DE SISTEMAS,TÉCNICO,TÉCNICO LABORAL EN SISTEMAS INFORMÁTICOS,BARRANQUILLA,0,0,0
CRÍTICO,CIENTÍFICO DE DATOS,UNIVERSITARIO,INGENIERÍA DE SISTEMAS,BOGOTÁ,25659,25226,-0.0169
ALTA DEMANDA,CIENTÍFICO DE DATOS,UNIVERSITARIO,INGENIERÍA DE SISTEMAS,BOGOTÁ,25659,25226,-0.0169
CRÍTICO,CIENTÍFICO DE DATOS,UNIVERSITARIO,INGENIERÍA DE SISTEMAS,MANIZALES,2124,2145,0.0099
ALTA DEMANDA,CIENTÍFICO DE DATOS,UNIVERSITARIO,INGENIERÍA DE SISTEMAS,MANIZALES,2124,2145,0.0099
CRÍTICO,CIENTÍFICO DE DATOS,UNIVERSITARIO,INGENIERÍA DE SISTEMAS,MEDELLÍN,8307,9279,0.117
ALTA DEMANDA,CIENTÍFICO DE DATOS,UNIVERSITARIO,INGENIERÍA DE SISTEMAS,MEDELLÍN,8307,9279,0.117
CRÍTICO,CONSULTOR DE DESARROLLO,TECNÓLOGO,TECNOLOGÍA EN ANÁLISIS Y DESARROLLO DE SISTEMAS DE INFORMACIÓN,BOGOTÁ,14217,15000,0.0551
ALTA DEMANDA,CONSULTOR DE DESARROLLO,TECNÓLOGO,TECNOLOGÍA EN ANÁLISIS Y DESARROLLO DE SISTEMAS DE INFORMACIÓN,BOGOTÁ,14217,15000,0.0551
CRÍTICO,CONSULTOR DE DESARROLLO,TECNÓLOGO,TECNOLOGÍA EN ANÁLISIS Y DESARROLLO DE SISTEMAS DE INFORMACIÓN,MEDELLÍN,6178,4750,-0.2311
ALTA DEMANDA,CONSULTOR DE DESARROLLO,TECNÓLOGO,TECNOLOGÍA EN ANÁLISIS Y DESARROLLO DE SISTEMAS DE INFORMACIÓN,MEDELLÍN,6178,4750,-0.2311
CRÍTICO,CONSULTOR DE DESARROLLO,UNIVERSITARIO,INGENIERÍA DE SISTEMAS,BOGOTÁ,25659,25226,-0.0169
ALTA DEMANDA,CONSULTOR DE DESARROLLO,UNIVERSITARIO,INGENIERÍA DE SISTEMAS,BOGOTÁ,25659,25226,-0.0169
CRÍTICO,CONSULTOR DE DESARROLLO,UNIVERSITARIO,INGENIERÍA DE SISTEMAS,MEDELLÍN,8307,9279,0.117
ALTA DEMANDA,CONSULTOR DE DESARROLLO,UNIVERSITARIO,INGENIERÍA DE SISTEMAS,MEDELLÍN,8307,9279,0.117
ALTA DEMANDA,CONSULTOR DE IMPLEMENTACIÓN,UNIVERSITARIO,INGENIERÍA DE SISTEMAS,BOGOTÁ,25659,25226,-0.0169
ALTA ROTACIÓN,CONSULTOR DE IMPLEMENTACIÓN,UNIVERSITARIO,INGENIERÍA DE SISTEMAS,BOGOTÁ,25659,25226,-0.0169
ALTA DEMANDA,CREADOR DE CONTENIDOS,POSGRADO,ESPECIALIZACIÓN EN PROGRAMACIÓN APLICADA,MEDELLÍN,0,0,0
ALTA ROTACIÓN,CREADOR DE CONTENIDOS,POSGRADO,ESPECIALIZACIÓN EN PROGRAMACIÓN APLICADA,MEDELLÍN,0,0,0
CRÍTICO,DESARROLLADOR,TÉCNICO,TÉCNICO LABORAL EN SISTEMAS INFORMÁTICOS,BARRANQUILLA,0,0,0
ALTA DEMANDA,DESARROLLADOR,TÉCNICO,TÉCNICO LABORAL EN SISTEMAS INFORMÁTICOS,BARRANQUILLA,0,0,0
ALTA ROTACIÓN,DESARROLLADOR,TÉCNICO,TÉCNICO LABORAL EN SISTEMAS INFORMÁTICOS,BARRANQUILLA,0,0,0
CRÍTICO,DESARROLLADOR,TÉCNICO,TÉCNICO EN SISTEMAS,BOGOTÁ,0,0,0
ALTA DEMANDA,DESARROLLADOR,TÉCNICO,TÉCNICO EN SISTEMAS,BOGOTÁ,0,0,0
ALTA ROTACIÓN,DESARROLLADOR,TÉCNICO,TÉCNICO EN SISTEMAS,BOGOTÁ,0,0,0
CRÍTICO,DESARROLLADOR,TÉCNICO,AUXILIAR DE SISTEMAS INFORMÁTICOS,CALI,0,0,0
ALTA DEMANDA,DESARROLLADOR,TÉCNICO,AUXILIAR DE SISTEMAS INFORMÁTICOS,CALI,0,0,0
ALTA ROTACIÓN,DESARROLLADOR,TÉCNICO,AUXILIAR DE SISTEMAS INFORMÁTICOS,CALI,0,0,0
CRÍTICO,DESARROLLADOR,TÉCNICO,TÉCNICO EN SISTEMAS,MEDELLÍN,909,1160,0.2761
ALTA DEMANDA,DESARROLLADOR,TÉCNICO,TÉCNICO EN SISTEMAS,MEDELLÍN,909,1160,0.2761
ALTA ROTACIÓN,DESARROLLADOR,TÉCNICO,TÉCNICO EN SISTEMAS,MEDELLÍN,909,1160,0.2761
CRÍTICO,DESARROLLADOR,TECNÓLOGO,TECNOLOGÍA EN ANÁLISIS Y DESARROLLO DE SISTEMAS DE INFORMACIÓN,BARRANQUILLA,3890,4009,0.0306
ALTA DEMANDA,DESARROLLADOR,TECNÓLOGO,TECNOLOGÍA EN ANÁLISIS Y DESARROLLO DE SISTEMAS DE INFORMACIÓN,BARRANQUILLA,3890,4009,0.0306
ALTA ROTACIÓN,DESARROLLADOR,TECNÓLOGO,TECNOLOGÍA EN ANÁLISIS Y DESARROLLO DE SISTEMAS DE INFORMACIÓN,BARRANQUILLA,3890,4009,0.0306
CRÍTICO,DESARROLLADOR,TECNÓLOGO,TECNOLOGÍA DE SOFTWARE,MEDELLÍN,581,1082,0.8623
ALTA DEMANDA,DESARROLLADOR,TECNÓLOGO,TECNOLOGÍA DE SOFTWARE,MEDELLÍN,581,1082,0.8623
ALTA ROTACIÓN,DESARROLLADOR,TECNÓLOGO,TECNOLOGÍA DE SOFTWARE,MEDELLÍN,581,1082,0.8623
CRÍTICO,DESARROLLADOR,TECNÓLOGO,TECNOLOGÍA DE SOFTWARE,BARRANQUILLA,333,220,-0.3393
ALTA DEMANDA,DESARROLLADOR,TECNÓLOGO,TECNOLOGÍA DE SOFTWARE,BARRANQUILLA,333,220,-0.3393
ALTA ROTACIÓN,DESARROLLADOR,TECNÓLOGO,TECNOLOGÍA DE SOFTWARE,BARRANQUILLA,333,220,-0.3393
CRÍTICO,DESARROLLADOR,TECNÓLOGO,TECNOLOGÍA DE SOFTWARE,BOGOTÁ,1571,1542,-0.0185
ALTA DEMANDA,DESARROLLADOR,TECNÓLOGO,TECNOLOGÍA DE SOFTWARE,BOGOTÁ,1571,1542,-0.0185
ALTA ROTACIÓN,DESARROLLADOR,TECNÓLOGO,TECNOLOGÍA DE SOFTWARE,BOGOTÁ,1571,1542,-0.0185
CRÍTICO,DESARROLLADOR,TECNÓLOGO,TECNOLOGÍA EN ANÁLISIS Y DESARROLLO DE SISTEMAS DE INFORMACIÓN,MEDELLÍN,6178,4750,-0.2311
ALTA DEMANDA,DESARROLLADOR,TECNÓLOGO,TECNOLOGÍA EN ANÁLISIS Y DESARROLLO DE SISTEMAS DE INFORMACIÓN,MEDELLÍN,6178,4750,-0.2311
ALTA ROTACIÓN,DESARROLLADOR,TECNÓLOGO,TECNOLOGÍA EN ANÁLISIS Y DESARROLLO DE SISTEMAS DE INFORMACIÓN,MEDELLÍN,6178,4750,-0.2311
CRÍTICO,DESARROLLADOR,TECNÓLOGO,TECNOLOGÍA EN DESARROLLO DE SISTEMAS INFORMÁTICOS,BUCARAMANGA,1210,1209,-0.0008
ALTA DEMANDA,DESARROLLADOR,TECNÓLOGO,TECNOLOGÍA EN DESARROLLO DE SISTEMAS INFORMÁTICOS,BUCARAMANGA,1210,1209,-0.0008
ALTA ROTACIÓN,DESARROLLADOR,TECNÓLOGO,TECNOLOGÍA EN DESARROLLO DE SISTEMAS INFORMÁTICOS,BUCARAMANGA,1210,1209,-0.0008
CRÍTICO,DESARROLLADOR,TECNÓLOGO,TECNOLOGÍA EN ANÁLISIS Y DESARROLLO DE SISTEMAS DE INFORMACIÓN,ARMENIA,1211,1286,0.0619
ALTA DEMANDA,DESARROLLADOR,TECNÓLOGO,TECNOLOGÍA EN ANÁLISIS Y DESARROLLO DE SISTEMAS DE INFORMACIÓN,ARMENIA,1211,1286,0.0619
ALTA ROTACIÓN,DESARROLLADOR,TECNÓLOGO,TECNOLOGÍA EN ANÁLISIS Y DESARROLLO DE SISTEMAS DE INFORMACIÓN,ARMENIA,1211,1286,0.0619
CRÍTICO,DESARROLLADOR,TECNÓLOGO,TECNOLOGÍA DE SOFTWARE,ARMENIA,0,67,-1
ALTA DEMANDA,DESARROLLADOR,TECNÓLOGO,TECNOLOGÍA DE SOFTWARE,ARMENIA,0,67,-1
ALTA ROTACIÓN,DESARROLLADOR,TECNÓLOGO,TECNOLOGÍA DE SOFTWARE,ARMENIA,0,67,-1
CRÍTICO,DESARROLLADOR,TECNÓLOGO,TECNOLOGÍA EN ANÁLISIS Y DESARROLLO DE SISTEMAS DE INFORMACIÓN,MANIZALES,1829,1291,-0.2941
ALTA DEMANDA,DESARROLLADOR,TECNÓLOGO,TECNOLOGÍA EN ANÁLISIS Y DESARROLLO DE SISTEMAS DE INFORMACIÓN,MANIZALES,1829,1291,-0.2941
ALTA ROTACIÓN,DESARROLLADOR,TECNÓLOGO,TECNOLOGÍA EN ANÁLISIS Y DESARROLLO DE SISTEMAS DE INFORMACIÓN,MANIZALES,1829,1291,-0.2941
CRÍTICO,DESARROLLADOR,TECNÓLOGO,TECNOLOGÍA DE SOFTWARE,CALI,34,45,0.3235
ALTA DEMANDA,DESARROLLADOR,TECNÓLOGO,TECNOLOGÍA DE SOFTWARE,CALI,34,45,0.3235
ALTA ROTACIÓN,DESARROLLADOR,TECNÓLOGO,TECNOLOGÍA DE SOFTWARE,CALI,34,45,0.3235
CRÍTICO,DESARROLLADOR,TECNÓLOGO,TECNOLOGÍA EN ANÁLISIS Y DESARROLLO DE SISTEMAS DE INFORMACIÓN,BOGOTÁ,14217,15000,0.0551
ALTA DEMANDA,DESARROLLADOR,TECNÓLOGO,TECNOLOGÍA EN ANÁLISIS Y DESARROLLO DE SISTEMAS DE INFORMACIÓN,BOGOTÁ,14217,15000,0.0551
ALTA ROTACIÓN,DESARROLLADOR,TECNÓLOGO,TECNOLOGÍA EN ANÁLISIS Y DESARROLLO DE SISTEMAS DE INFORMACIÓN,BOGOTÁ,14217,15000,0.0551
CRÍTICO,DESARROLLADOR,TECNÓLOGO,TECNOLOGÍA DE SOFTWARE,PEREIRA,195,574,1.9436
ALTA DEMANDA,DESARROLLADOR,TECNÓLOGO,TECNOLOGÍA DE SOFTWARE,PEREIRA,195,574,1.9436
ALTA ROTACIÓN,DESARROLLADOR,TECNÓLOGO,TECNOLOGÍA DE SOFTWARE,PEREIRA,195,574,1.9436
CRÍTICO,DESARROLLADOR,TECNÓLOGO,TECNOLOGÍA EN SISTEMAS DE INFORMACIÓN,CALI,3407,3592,0.0543
ALTA DEMANDA,DESARROLLADOR,TECNÓLOGO,TECNOLOGÍA EN SISTEMAS DE INFORMACIÓN,CALI,3407,3592,0.0543
ALTA ROTACIÓN,DESARROLLADOR,TECNÓLOGO,TECNOLOGÍA EN SISTEMAS DE INFORMACIÓN,CALI,3407,3592,0.0543
CRÍTICO,DESARROLLADOR,UNIVERSITARIO,INGENIERÍA MECATRÓNICA,BOGOTÁ,161,162,0.0062
ALTA DEMANDA,DESARROLLADOR,UNIVERSITARIO,INGENIERÍA MECATRÓNICA,BOGOTÁ,161,162,0.0062
ALTA ROTACIÓN,DESARROLLADOR,UNIVERSITARIO,INGENIERÍA MECATRÓNICA,BOGOTÁ,161,162,0.0062
CRÍTICO,DESARROLLADOR,UNIVERSITARIO,INGENIERÍA ELECTRÓNICA,BOGOTÁ,11772,10896,-0.0744
ALTA DEMANDA,DESARROLLADOR,UNIVERSITARIO,INGENIERÍA ELECTRÓNICA,BOGOTÁ,11772,10896,-0.0744
ALTA ROTACIÓN,DESARROLLADOR,UNIVERSITARIO,INGENIERÍA ELECTRÓNICA,BOGOTÁ,11772,10896,-0.0744
CRÍTICO,DESARROLLADOR,UNIVERSITARIO,INGENIERÍA ELECTRÓNICA,BARRANQUILLA,350,311,-0.1114
ALTA DEMANDA,DESARROLLADOR,UNIVERSITARIO,INGENIERÍA ELECTRÓNICA,BARRANQUILLA,350,311,-0.1114
ALTA ROTACIÓN,DESARROLLADOR,UNIVERSITARIO,INGENIERÍA ELECTRÓNICA,BARRANQUILLA,350,311,-0.1114
CRÍTICO,DESARROLLADOR,UNIVERSITARIO,INGENIERÍA DE SISTEMAS,BARRANQUILLA,3198,3163,-0.0109
ALTA DEMANDA,DESARROLLADOR,UNIVERSITARIO,INGENIERÍA DE SISTEMAS,BARRANQUILLA,3198,3163,-0.0109
ALTA ROTACIÓN,DESARROLLADOR,UNIVERSITARIO,INGENIERÍA DE SISTEMAS,BARRANQUILLA,3198,3163,-0.0109
CRÍTICO,DESARROLLADOR,UNIVERSITARIO,INGENIERÍA DE SISTEMAS,MEDELLÍN,8307,9279,0.117
ALTA DEMANDA,DESARROLLADOR,UNIVERSITARIO,INGENIERÍA DE SISTEMAS,MEDELLÍN,8307,9279,0.117
ALTA ROTACIÓN,DESARROLLADOR,UNIVERSITARIO,INGENIERÍA DE SISTEMAS,MEDELLÍN,8307,9279,0.117
CRÍTICO,DESARROLLADOR,UNIVERSITARIO,INGENIERÍA DE SISTEMAS,CALI,4255,4464,0.0491
ALTA DEMANDA,DESARROLLADOR,UNIVERSITARIO,INGENIERÍA DE SISTEMAS,CALI,4255,4464,0.0491
ALTA ROTACIÓN,DESARROLLADOR,UNIVERSITARIO,INGENIERÍA DE SISTEMAS,CALI,4255,4464,0.0491
CRÍTICO,DESARROLLADOR,UNIVERSITARIO,INGENIERÍA ELECTRÓNICA,BUCARAMANGA,2787,2616,-0.0614
ALTA DEMANDA,DESARROLLADOR,UNIVERSITARIO,INGENIERÍA ELECTRÓNICA,BUCARAMANGA,2787,2616,-0.0614
ALTA ROTACIÓN,DESARROLLADOR,UNIVERSITARIO,INGENIERÍA ELECTRÓNICA,BUCARAMANGA,2787,2616,-0.0614
CRÍTICO,DESARROLLADOR,UNIVERSITARIO,INGENIERÍA DE SISTEMAS,BOGOTÁ,25659,25226,-0.0169
ALTA DEMANDA,DESARROLLADOR,UNIVERSITARIO,INGENIERÍA DE SISTEMAS,BOGOTÁ,25659,25226,-0.0169
ALTA ROTACIÓN,DESARROLLADOR,UNIVERSITARIO,INGENIERÍA DE SISTEMAS,BOGOTÁ,25659,25226,-0.0169
CRÍTICO,DESARROLLADOR,UNIVERSITARIO,INGENIERÍA ELECTRÓNICA,CALI,402,374,-0.0697
ALTA DEMANDA,DESARROLLADOR,UNIVERSITARIO,INGENIERÍA ELECTRÓNICA,CALI,402,374,-0.0697
ALTA ROTACIÓN,DESARROLLADOR,UNIVERSITARIO,INGENIERÍA ELECTRÓNICA,CALI,402,374,-0.0697
CRÍTICO,DESARROLLADOR,UNIVERSITARIO,INGENIERÍA DE SISTEMAS,BUCARAMANGA,3333,3525,0.0576
ALTA DEMANDA,DESARROLLADOR,UNIVERSITARIO,INGENIERÍA DE SISTEMAS,BUCARAMANGA,3333,3525,0.0576
ALTA ROTACIÓN,DESARROLLADOR,UNIVERSITARIO,INGENIERÍA DE SISTEMAS,BUCARAMANGA,3333,3525,0.0576
CRÍTICO,DESARROLLADOR,UNIVERSITARIO,INGENIERÍA DE SISTEMAS,MANIZALES,2124,2145,0.0099
ALTA DEMANDA,DESARROLLADOR,UNIVERSITARIO,INGENIERÍA DE SISTEMAS,MANIZALES,2124,2145,0.0099
ALTA ROTACIÓN,DESARROLLADOR,UNIVERSITARIO,INGENIERÍA DE SISTEMAS,MANIZALES,2124,2145,0.0099
CRÍTICO,DESARROLLADOR,UNIVERSITARIO,INGENIERÍA ELECTRÓNICA,MEDELLÍN,498,628,0.261
ALTA DEMANDA,DESARROLLADOR,UNIVERSITARIO,INGENIERÍA ELECTRÓNICA,MEDELLÍN,498,628,0.261
ALTA ROTACIÓN,DESARROLLADOR,UNIVERSITARIO,INGENIERÍA ELECTRÓNICA,MEDELLÍN,498,628,0.261
CRÍTICO,DESARROLLADOR,UNIVERSITARIO,INGENIERÍA ELECTRÓNICA,ARMENIA,688,934,0.3576
ALTA DEMANDA,DESARROLLADOR,UNIVERSITARIO,INGENIERÍA ELECTRÓNICA,ARMENIA,688,934,0.3576
ALTA ROTACIÓN,DESARROLLADOR,UNIVERSITARIO,INGENIERÍA ELECTRÓNICA,ARMENIA,688,934,0.3576
CRÍTICO,DESARROLLADOR,UNIVERSITARIO,INGENIERÍA DE SISTEMAS,ARMENIA,1304,1541,0.1817
ALTA DEMANDA,DESARROLLADOR,UNIVERSITARIO,INGENIERÍA DE SISTEMAS,ARMENIA,1304,1541,0.1817
ALTA ROTACIÓN,DESARROLLADOR,UNIVERSITARIO,INGENIERÍA DE SISTEMAS,ARMENIA,1304,1541,0.1817
CRÍTICO,DESARROLLADOR,UNIVERSITARIO,INGENIERÍA DE SISTEMAS,PEREIRA,2795,2683,-0.0401
ALTA DEMANDA,DESARROLLADOR,UNIVERSITARIO,INGENIERÍA DE SISTEMAS,PEREIRA,2795,2683,-0.0401
ALTA ROTACIÓN,DESARROLLADOR,UNIVERSITARIO,INGENIERÍA DE SISTEMAS,PEREIRA,2795,2683,-0.0401
CRÍTICO,DESARROLLADOR,UNIVERSITARIO,INGENIERÍA ELECTRÓNICA,MANIZALES,236,304,0.2881
ALTA DEMANDA,DESARROLLADOR,UNIVERSITARIO,INGENIERÍA ELECTRÓNICA,MANIZALES,236,304,0.2881
ALTA ROTACIÓN,DESARROLLADOR,UNIVERSITARIO,INGENIERÍA ELECTRÓNICA,MANIZALES,236,304,0.2881
ALTA ROTACIÓN,INGENIERO DE CONTROL DOCUMENTAL,UNIVERSITARIO,INGENIERÍA DE SISTEMAS,BOGOTÁ,25659,25226,-0.0169
CRÍTICO,INGENIERO DE DATOS,UNIVERSITARIO,INGENIERÍA DE SISTEMAS,MANIZALES,2124,2145,0.0099
CRÍTICO,DESARROLLADOR JUNIOR,TÉCNICO,TÉCNICO EN SISTEMAS,BOGOTÁ,0,0,0
ALTA DEMANDA,DESARROLLADOR JUNIOR,TÉCNICO,TÉCNICO EN SISTEMAS,BOGOTÁ,0,0,0
ALTA ROTACIÓN,DESARROLLADOR JUNIOR,TÉCNICO,TÉCNICO EN SISTEMAS,BOGOTÁ,0,0,0
CRÍTICO,DESARROLLADOR JUNIOR,TECNÓLOGO,TECNOLOGÍA EN ANÁLISIS Y DESARROLLO DE SISTEMAS DE INFORMACIÓN,BOGOTÁ,14217,15000,0.0551
ALTA DEMANDA,DESARROLLADOR JUNIOR,TECNÓLOGO,TECNOLOGÍA EN ANÁLISIS Y DESARROLLO DE SISTEMAS DE INFORMACIÓN,BOGOTÁ,14217,15000,0.0551
ALTA ROTACIÓN,DESARROLLADOR JUNIOR,TECNÓLOGO,TECNOLOGÍA EN ANÁLISIS Y DESARROLLO DE SISTEMAS DE INFORMACIÓN,BOGOTÁ,14217,15000,0.0551
CRÍTICO,DESARROLLADOR JUNIOR,TECNÓLOGO,TECNOLOGÍA DE SOFTWARE,BOGOTÁ,1571,1542,-0.0185
ALTA DEMANDA,DESARROLLADOR JUNIOR,TECNÓLOGO,TECNOLOGÍA DE SOFTWARE,BOGOTÁ,1571,1542,-0.0185
ALTA ROTACIÓN,DESARROLLADOR JUNIOR,TECNÓLOGO,TECNOLOGÍA DE SOFTWARE,BOGOTÁ,1571,1542,-0.0185
CRÍTICO,DESARROLLADOR JUNIOR,TECNÓLOGO,TECNOLOGÍA EN DESARROLLO DE SISTEMAS INFORMÁTICOS,BUCARAMANGA,1210,1209,-0.0008
ALTA DEMANDA,DESARROLLADOR JUNIOR,TECNÓLOGO,TECNOLOGÍA EN DESARROLLO DE SISTEMAS INFORMÁTICOS,BUCARAMANGA,1210,1209,-0.0008
ALTA ROTACIÓN,DESARROLLADOR JUNIOR,TECNÓLOGO,TECNOLOGÍA EN DESARROLLO DE SISTEMAS INFORMÁTICOS,BUCARAMANGA,1210,1209,-0.0008
CRÍTICO,DESARROLLADOR JUNIOR,TECNÓLOGO,TECNOLOGÍA EN ANÁLISIS Y DESARROLLO DE SISTEMAS DE INFORMACIÓN,MANIZALES,1829,1291,-0.2941
ALTA DEMANDA,DESARROLLADOR JUNIOR,TECNÓLOGO,TECNOLOGÍA EN ANÁLISIS Y DESARROLLO DE SISTEMAS DE INFORMACIÓN,MANIZALES,1829,1291,-0.2941
ALTA ROTACIÓN,DESARROLLADOR JUNIOR,TECNÓLOGO,TECNOLOGÍA EN ANÁLISIS Y DESARROLLO DE SISTEMAS DE INFORMACIÓN,MANIZALES,1829,1291,-0.2941
CRÍTICO,DESARROLLADOR JUNIOR,TECNÓLOGO,TECNOLOGÍA DE SOFTWARE,PEREIRA,195,574,1.9436
ALTA DEMANDA,DESARROLLADOR JUNIOR,TECNÓLOGO,TECNOLOGÍA DE SOFTWARE,PEREIRA,195,574,1.9436
ALTA ROTACIÓN,DESARROLLADOR JUNIOR,TECNÓLOGO,TECNOLOGÍA DE SOFTWARE,PEREIRA,195,574,1.9436
CRÍTICO,DESARROLLADOR JUNIOR,UNIVERSITARIO,INGENIERÍA DE SISTEMAS,BOGOTÁ,25659,25226,-0.0169
ALTA DEMANDA,DESARROLLADOR JUNIOR,UNIVERSITARIO,INGENIERÍA DE SISTEMAS,BOGOTÁ,25659,25226,-0.0169
ALTA ROTACIÓN,DESARROLLADOR JUNIOR,UNIVERSITARIO,INGENIERÍA DE SISTEMAS,BOGOTÁ,25659,25226,-0.0169
CRÍTICO,DESARROLLADOR JUNIOR,UNIVERSITARIO,INGENIERÍA DE SISTEMAS,MANIZALES,2124,2145,0.0099
ALTA DEMANDA,DESARROLLADOR JUNIOR,UNIVERSITARIO,INGENIERÍA DE SISTEMAS,MANIZALES,2124,2145,0.0099
ALTA ROTACIÓN,DESARROLLADOR JUNIOR,UNIVERSITARIO,INGENIERÍA DE SISTEMAS,MANIZALES,2124,2145,0.0099
CRÍTICO,DESARROLLADOR JUNIOR,UNIVERSITARIO,INGENIERÍA DE SOFTWARE,BUCARAMANGA,44,68,0.5455
ALTA DEMANDA,DESARROLLADOR JUNIOR,UNIVERSITARIO,INGENIERÍA DE SOFTWARE,BUCARAMANGA,44,68,0.5455
ALTA ROTACIÓN,DESARROLLADOR JUNIOR,UNIVERSITARIO,INGENIERÍA DE SOFTWARE,BUCARAMANGA,44,68,0.5455
CRÍTICO,DESARROLLADOR JUNIOR,UNIVERSITARIO,INGENIERÍA DE SISTEMAS,BUCARAMANGA,3333,3525,0.0576
ALTA DEMANDA,DESARROLLADOR JUNIOR,UNIVERSITARIO,INGENIERÍA DE SISTEMAS,BUCARAMANGA,3333,3525,0.0576
ALTA ROTACIÓN,DESARROLLADOR JUNIOR,UNIVERSITARIO,INGENIERÍA DE SISTEMAS,BUCARAMANGA,3333,3525,0.0576
CRÍTICO,DESARROLLADOR JUNIOR,UNIVERSITARIO,INGENIERÍA DE SISTEMAS,PEREIRA,2795,2683,-0.0401
ALTA DEMANDA,DESARROLLADOR JUNIOR,UNIVERSITARIO,INGENIERÍA DE SISTEMAS,PEREIRA,2795,2683,-0.0401
ALTA ROTACIÓN,DESARROLLADOR JUNIOR,UNIVERSITARIO,INGENIERÍA DE SISTEMAS,PEREIRA,2795,2683,-0.0401
CRÍTICO,DESARROLLADOR JUNIOR,UNIVERSITARIO,INGENIERÍA DE SOFTWARE,BOGOTÁ,1362,2517,0.848
ALTA DEMANDA,DESARROLLADOR JUNIOR,UNIVERSITARIO,INGENIERÍA DE SOFTWARE,BOGOTÁ,1362,2517,0.848
ALTA ROTACIÓN,DESARROLLADOR JUNIOR,UNIVERSITARIO,INGENIERÍA DE SOFTWARE,BOGOTÁ,1362,2517,0.848
CRÍTICO,DESARROLLADOR SENIOR,TÉCNICO,TÉCNICO EN SISTEMAS,BOGOTÁ,0,0,0
ALTA DEMANDA,DESARROLLADOR SENIOR,TÉCNICO,TÉCNICO EN SISTEMAS,BOGOTÁ,0,0,0
ALTA ROTACIÓN,DESARROLLADOR SENIOR,TÉCNICO,TÉCNICO EN SISTEMAS,BOGOTÁ,0,0,0
CRÍTICO,DESARROLLADOR SENIOR,TÉCNICO,TÉCNICO EN SISTEMAS,MEDELLÍN,909,1160,0.2761
ALTA DEMANDA,DESARROLLADOR SENIOR,TÉCNICO,TÉCNICO EN SISTEMAS,MEDELLÍN,909,1160,0.2761
ALTA ROTACIÓN,DESARROLLADOR SENIOR,TÉCNICO,TÉCNICO EN SISTEMAS,MEDELLÍN,909,1160,0.2761
CRÍTICO,DESARROLLADOR SENIOR,TECNÓLOGO,TECNOLOGÍA DE SOFTWARE,MEDELLÍN,581,1082,0.8623
ALTA DEMANDA,DESARROLLADOR SENIOR,TECNÓLOGO,TECNOLOGÍA DE SOFTWARE,MEDELLÍN,581,1082,0.8623
ALTA ROTACIÓN,DESARROLLADOR SENIOR,TECNÓLOGO,TECNOLOGÍA DE SOFTWARE,MEDELLÍN,581,1082,0.8623
CRÍTICO,DESARROLLADOR SENIOR,TECNÓLOGO,TECNOLOGÍA EN ANÁLISIS Y DESARROLLO DE SISTEMAS DE INFORMACIÓN,BOGOTÁ,14217,15000,0.0551
ALTA DEMANDA,DESARROLLADOR SENIOR,TECNÓLOGO,TECNOLOGÍA EN ANÁLISIS Y DESARROLLO DE SISTEMAS DE INFORMACIÓN,BOGOTÁ,14217,15000,0.0551
ALTA ROTACIÓN,DESARROLLADOR SENIOR,TECNÓLOGO,TECNOLOGÍA EN ANÁLISIS Y DESARROLLO DE SISTEMAS DE INFORMACIÓN,BOGOTÁ,14217,15000,0.0551
CRÍTICO,DESARROLLADOR SENIOR,TECNÓLOGO,TECNOLOGÍA DE SOFTWARE,BOGOTÁ,1571,1542,-0.0185
ALTA DEMANDA,DESARROLLADOR SENIOR,TECNÓLOGO,TECNOLOGÍA DE SOFTWARE,BOGOTÁ,1571,1542,-0.0185
ALTA ROTACIÓN,DESARROLLADOR SENIOR,TECNÓLOGO,TECNOLOGÍA DE SOFTWARE,BOGOTÁ,1571,1542,-0.0185
CRÍTICO,DESARROLLADOR SENIOR,TECNÓLOGO,TECNOLOGÍA EN ANÁLISIS Y DESARROLLO DE SISTEMAS DE INFORMACIÓN,MEDELLÍN,6178,4750,-0.2311
ALTA DEMANDA,DESARROLLADOR SENIOR,TECNÓLOGO,TECNOLOGÍA EN ANÁLISIS Y DESARROLLO DE SISTEMAS DE INFORMACIÓN,MEDELLÍN,6178,4750,-0.2311
ALTA ROTACIÓN,DESARROLLADOR SENIOR,TECNÓLOGO,TECNOLOGÍA EN ANÁLISIS Y DESARROLLO DE SISTEMAS DE INFORMACIÓN,MEDELLÍN,6178,4750,-0.2311
CRÍTICO,DESARROLLADOR SENIOR,TECNÓLOGO,TECNOLOGÍA DE SOFTWARE,PEREIRA,195,574,1.9436
ALTA DEMANDA,DESARROLLADOR SENIOR,TECNÓLOGO,TECNOLOGÍA DE SOFTWARE,PEREIRA,195,574,1.9436
ALTA ROTACIÓN,DESARROLLADOR SENIOR,TECNÓLOGO,TECNOLOGÍA DE SOFTWARE,PEREIRA,195,574,1.9436
CRÍTICO,DESARROLLADOR SENIOR,TECNÓLOGO,TECNOLOGÍA EN ANÁLISIS Y DESARROLLO DE SISTEMAS DE INFORMACIÓN,MANIZALES,1829,1291,-0.2941
ALTA DEMANDA,DESARROLLADOR SENIOR,TECNÓLOGO,TECNOLOGÍA EN ANÁLISIS Y DESARROLLO DE SISTEMAS DE INFORMACIÓN,MANIZALES,1829,1291,-0.2941
ALTA ROTACIÓN,DESARROLLADOR SENIOR,TECNÓLOGO,TECNOLOGÍA EN ANÁLISIS Y DESARROLLO DE SISTEMAS DE INFORMACIÓN,MANIZALES,1829,1291,-0.2941
CRÍTICO,DESARROLLADOR SENIOR,UNIVERSITARIO,INGENIERÍA DE SISTEMAS,BOGOTÁ,25659,25226,-0.0169
ALTA DEMANDA,DESARROLLADOR SENIOR,UNIVERSITARIO,INGENIERÍA DE SISTEMAS,BOGOTÁ,25659,25226,-0.0169
ALTA ROTACIÓN,DESARROLLADOR SENIOR,UNIVERSITARIO,INGENIERÍA DE SISTEMAS,BOGOTÁ,25659,25226,-0.0169
CRÍTICO,DESARROLLADOR SENIOR,UNIVERSITARIO,INGENIERÍA EN INFORMÁTICA,BOGOTÁ,289,304,0.0519
ALTA DEMANDA,DESARROLLADOR SENIOR,UNIVERSITARIO,INGENIERÍA EN INFORMÁTICA,BOGOTÁ,289,304,0.0519
ALTA ROTACIÓN,DESARROLLADOR SENIOR,UNIVERSITARIO,INGENIERÍA EN INFORMÁTICA,BOGOTÁ,289,304,0.0519
CRÍTICO,DESARROLLADOR SENIOR,UNIVERSITARIO,INGENIERÍA DE SISTEMAS,MANIZALES,2124,2145,0.0099
ALTA DEMANDA,DESARROLLADOR SENIOR,UNIVERSITARIO,INGENIERÍA DE SISTEMAS,MANIZALES,2124,2145,0.0099
ALTA ROTACIÓN,DESARROLLADOR SENIOR,UNIVERSITARIO,INGENIERÍA DE SISTEMAS,MANIZALES,2124,2145,0.0099
CRÍTICO,DESARROLLADOR SENIOR,UNIVERSITARIO,INGENIERÍA DE SISTEMAS,PEREIRA,2795,2683,-0.0401
ALTA DEMANDA,DESARROLLADOR SENIOR,UNIVERSITARIO,INGENIERÍA DE SISTEMAS,PEREIRA,2795,2683,-0.0401
ALTA ROTACIÓN,DESARROLLADOR SENIOR,UNIVERSITARIO,INGENIERÍA DE SISTEMAS,PEREIRA,2795,2683,-0.0401
CRÍTICO,DESARROLLADOR SENIOR,UNIVERSITARIO,INGENIERÍA DE SISTEMAS,MEDELLÍN,8307,9279,0.117
ALTA DEMANDA,DESARROLLADOR SENIOR,UNIVERSITARIO,INGENIERÍA DE SISTEMAS,MEDELLÍN,8307,9279,0.117
ALTA ROTACIÓN,DESARROLLADOR SENIOR,UNIVERSITARIO,INGENIERÍA DE SISTEMAS,MEDELLÍN,8307,9279,0.117
CRÍTICO,DESARROLLADOR SENIOR,UNIVERSITARIO,INGENIERÍA EN INFORMÁTICA,MEDELLÍN,1267,2244,0.7711
ALTA DEMANDA,DESARROLLADOR SENIOR,UNIVERSITARIO,INGENIERÍA EN INFORMÁTICA,MEDELLÍN,1267,2244,0.7711
ALTA ROTACIÓN,DESARROLLADOR SENIOR,UNIVERSITARIO,INGENIERÍA EN INFORMÁTICA,MEDELLÍN,1267,2244,0.7711
CRÍTICO,DIRECTOR DE DESARROLLO Y/O OPERACIONES,TECNÓLOGO,TECNOLOGÍA DE SOFTWARE,MEDELLÍN,581,1082,0.8623
ALTA DEMANDA,DIRECTOR DE DESARROLLO Y/O OPERACIONES,TECNÓLOGO,TECNOLOGÍA DE SOFTWARE,MEDELLÍN,581,1082,0.8623
ALTA ROTACIÓN,DIRECTOR DE DESARROLLO Y/O OPERACIONES,TECNÓLOGO,TECNOLOGÍA DE SOFTWARE,MEDELLÍN,581,1082,0.8623
CRÍTICO,DIRECTOR DE DESARROLLO Y/O OPERACIONES,TECNÓLOGO,TECNOLOGÍA DE SOFTWARE,BOGOTÁ,1571,1542,-0.0185
ALTA DEMANDA,DIRECTOR DE DESARROLLO Y/O OPERACIONES,TECNÓLOGO,TECNOLOGÍA DE SOFTWARE,BOGOTÁ,1571,1542,-0.0185
ALTA ROTACIÓN,DIRECTOR DE DESARROLLO Y/O OPERACIONES,TECNÓLOGO,TECNOLOGÍA DE SOFTWARE,BOGOTÁ,1571,1542,-0.0185
CRÍTICO,DIRECTOR DE DESARROLLO Y/O OPERACIONES,TECNÓLOGO,TECNOLOGÍA DE SOFTWARE,CALI,34,45,0.3235
ALTA DEMANDA,DIRECTOR DE DESARROLLO Y/O OPERACIONES,TECNÓLOGO,TECNOLOGÍA DE SOFTWARE,CALI,34,45,0.3235
ALTA ROTACIÓN,DIRECTOR DE DESARROLLO Y/O OPERACIONES,TECNÓLOGO,TECNOLOGÍA DE SOFTWARE,CALI,34,45,0.3235
CRÍTICO,DIRECTOR DE DESARROLLO Y/O OPERACIONES,TECNÓLOGO,TECNOLOGÍA DE SOFTWARE,BARRANQUILLA,333,220,-0.3393
ALTA DEMANDA,DIRECTOR DE DESARROLLO Y/O OPERACIONES,TECNÓLOGO,TECNOLOGÍA DE SOFTWARE,BARRANQUILLA,333,220,-0.3393
ALTA ROTACIÓN,DIRECTOR DE DESARROLLO Y/O OPERACIONES,TECNÓLOGO,TECNOLOGÍA DE SOFTWARE,BARRANQUILLA,333,220,-0.3393
CRÍTICO,DIRECTOR DE DESARROLLO Y/O OPERACIONES,UNIVERSITARIO,INGENIERÍA MECATRÓNICA,BOGOTÁ,161,162,0.0062
ALTA DEMANDA,DIRECTOR DE DESARROLLO Y/O OPERACIONES,UNIVERSITARIO,INGENIERÍA MECATRÓNICA,BOGOTÁ,161,162,0.0062
ALTA ROTACIÓN,DIRECTOR DE DESARROLLO Y/O OPERACIONES,UNIVERSITARIO,INGENIERÍA MECATRÓNICA,BOGOTÁ,161,162,0.0062
CRÍTICO,DIRECTOR DE DESARROLLO Y/O OPERACIONES,UNIVERSITARIO,INGENIERÍA DE SISTEMAS,MEDELLÍN,8307,9279,0.117
ALTA DEMANDA,DIRECTOR DE DESARROLLO Y/O OPERACIONES,UNIVERSITARIO,INGENIERÍA DE SISTEMAS,MEDELLÍN,8307,9279,0.117
ALTA ROTACIÓN,DIRECTOR DE DESARROLLO Y/O OPERACIONES,UNIVERSITARIO,INGENIERÍA DE SISTEMAS,MEDELLÍN,8307,9279,0.117
CRÍTICO,DIRECTOR DE DESARROLLO Y/O OPERACIONES,UNIVERSITARIO,INGENIERÍA DE SISTEMAS,CALI,4255,4464,0.0491
ALTA DEMANDA,DIRECTOR DE DESARROLLO Y/O OPERACIONES,UNIVERSITARIO,INGENIERÍA DE SISTEMAS,CALI,4255,4464,0.0491
ALTA ROTACIÓN,DIRECTOR DE DESARROLLO Y/O OPERACIONES,UNIVERSITARIO,INGENIERÍA DE SISTEMAS,CALI,4255,4464,0.0491
CRÍTICO,DIRECTOR DE DESARROLLO Y/O OPERACIONES,UNIVERSITARIO,INGENIERÍA DE SISTEMAS,BUCARAMANGA,3333,3525,0.0576
ALTA DEMANDA,DIRECTOR DE DESARROLLO Y/O OPERACIONES,UNIVERSITARIO,INGENIERÍA DE SISTEMAS,BUCARAMANGA,3333,3525,0.0576
ALTA ROTACIÓN,DIRECTOR DE DESARROLLO Y/O OPERACIONES,UNIVERSITARIO,INGENIERÍA DE SISTEMAS,BUCARAMANGA,3333,3525,0.0576
CRÍTICO,DIRECTOR DE DESARROLLO Y/O OPERACIONES,UNIVERSITARIO,INGENIERÍA DE SISTEMAS,BARRANQUILLA,3198,3163,-0.0109
ALTA DEMANDA,DIRECTOR DE DESARROLLO Y/O OPERACIONES,UNIVERSITARIO,INGENIERÍA DE SISTEMAS,BARRANQUILLA,3198,3163,-0.0109
ALTA ROTACIÓN,DIRECTOR DE DESARROLLO Y/O OPERACIONES,UNIVERSITARIO,INGENIERÍA DE SISTEMAS,BARRANQUILLA,3198,3163,-0.0109
CRÍTICO,DIRECTOR DE DESARROLLO Y/O OPERACIONES,UNIVERSITARIO,INGENIERÍA DE SISTEMAS,MANIZALES,2124,2145,0.0099
ALTA DEMANDA,DIRECTOR DE DESARROLLO Y/O OPERACIONES,UNIVERSITARIO,INGENIERÍA DE SISTEMAS,MANIZALES,2124,2145,0.0099
ALTA ROTACIÓN,DIRECTOR DE DESARROLLO Y/O OPERACIONES,UNIVERSITARIO,INGENIERÍA DE SISTEMAS,MANIZALES,2124,2145,0.0099
CRÍTICO,DIRECTOR DE DESARROLLO Y/O OPERACIONES,UNIVERSITARIO,INGENIERÍA DE SISTEMAS,BOGOTÁ,25659,25226,-0.0169
ALTA DEMANDA,DIRECTOR DE DESARROLLO Y/O OPERACIONES,UNIVERSITARIO,INGENIERÍA DE SISTEMAS,BOGOTÁ,25659,25226,-0.0169
ALTA ROTACIÓN,DIRECTOR DE DESARROLLO Y/O OPERACIONES,UNIVERSITARIO,INGENIERÍA DE SISTEMAS,BOGOTÁ,25659,25226,-0.0169
CRÍTICO,DIRECTOR DE DESARROLLO Y/O OPERACIONES,POSGRADO,ESPECIALIZACIÓN EN DESARROLLO DE SOFTWARE,MEDELLÍN,43,47,0.093
ALTA DEMANDA,DIRECTOR DE DESARROLLO Y/O OPERACIONES,POSGRADO,ESPECIALIZACIÓN EN DESARROLLO DE SOFTWARE,MEDELLÍN,43,47,0.093
ALTA ROTACIÓN,DIRECTOR DE DESARROLLO Y/O OPERACIONES,POSGRADO,ESPECIALIZACIÓN EN DESARROLLO DE SOFTWARE,MEDELLÍN,43,47,0.093
CRÍTICO,DIRECTOR DE SEGURIDAD INFORMÁTICA,UNIVERSITARIO,INGENIERÍA DE SISTEMAS,MEDELLÍN,8307,9279,0.117
CRÍTICO,DIRECTOR DE SEGURIDAD INFORMÁTICA,UNIVERSITARIO,INGENIERÍA DE SISTEMAS,BUCARAMANGA,3333,3525,0.0576
CRÍTICO,DISEÑADOR WEB,TÉCNICO,TÉCNICO EN SISTEMAS,BOGOTÁ,0,0,0
ALTA DEMANDA,DISEÑADOR WEB,TÉCNICO,TÉCNICO EN SISTEMAS,BOGOTÁ,0,0,0
ALTA ROTACIÓN,DISEÑADOR WEB,TÉCNICO,TÉCNICO EN SISTEMAS,BOGOTÁ,0,0,0
CRÍTICO,DISEÑADOR WEB,TÉCNICO,AUXILIAR DE SISTEMAS INFORMÁTICOS,CALI,0,0,0
ALTA DEMANDA,DISEÑADOR WEB,TÉCNICO,AUXILIAR DE SISTEMAS INFORMÁTICOS,CALI,0,0,0
ALTA ROTACIÓN,DISEÑADOR WEB,TÉCNICO,AUXILIAR DE SISTEMAS INFORMÁTICOS,CALI,0,0,0
CRÍTICO,DISEÑADOR WEB,TECNÓLOGO,TECNOLOGÍA DE SOFTWARE,CALI,34,45,0.3235
ALTA DEMANDA,DISEÑADOR WEB,TECNÓLOGO,TECNOLOGÍA DE SOFTWARE,CALI,34,45,0.3235
ALTA ROTACIÓN,DISEÑADOR WEB,TECNÓLOGO,TECNOLOGÍA DE SOFTWARE,CALI,34,45,0.3235
CRÍTICO,DISEÑADOR WEB,TECNÓLOGO,TECNOLOGÍA DE SOFTWARE,BOGOTÁ,1571,1542,-0.0185
ALTA DEMANDA,DISEÑADOR WEB,TECNÓLOGO,TECNOLOGÍA DE SOFTWARE,BOGOTÁ,1571,1542,-0.0185
ALTA ROTACIÓN,DISEÑADOR WEB,TECNÓLOGO,TECNOLOGÍA DE SOFTWARE,BOGOTÁ,1571,1542,-0.0185
CRÍTICO,DISEÑADOR WEB,UNIVERSITARIO,INGENIERÍA DE SISTEMAS,BOGOTÁ,25659,25226,-0.0169
ALTA DEMANDA,DISEÑADOR WEB,UNIVERSITARIO,INGENIERÍA DE SISTEMAS,BOGOTÁ,25659,25226,-0.0169
ALTA ROTACIÓN,DISEÑADOR WEB,UNIVERSITARIO,INGENIERÍA DE SISTEMAS,BOGOTÁ,25659,25226,-0.0169
CRÍTICO,DISEÑADOR WEB,UNIVERSITARIO,INGENIERÍA DE SISTEMAS,MANIZALES,2124,2145,0.0099
ALTA DEMANDA,DISEÑADOR WEB,UNIVERSITARIO,INGENIERÍA DE SISTEMAS,MANIZALES,2124,2145,0.0099
ALTA ROTACIÓN,DISEÑADOR WEB,UNIVERSITARIO,INGENIERÍA DE SISTEMAS,MANIZALES,2124,2145,0.0099
CRÍTICO,DISEÑADOR WEB,UNIVERSITARIO,INGENIERÍA DE SISTEMAS,CALI,4255,4464,0.0491
ALTA DEMANDA,DISEÑADOR WEB,UNIVERSITARIO,INGENIERÍA DE SISTEMAS,CALI,4255,4464,0.0491
ALTA ROTACIÓN,DISEÑADOR WEB,UNIVERSITARIO,INGENIERÍA DE SISTEMAS,CALI,4255,4464,0.0491
CRÍTICO,DISEÑADOR WEB,UNIVERSITARIO,INGENIERÍA DE SOFTWARE,BOGOTÁ,1362,2517,0.848
ALTA DEMANDA,DISEÑADOR WEB,UNIVERSITARIO,INGENIERÍA DE SOFTWARE,BOGOTÁ,1362,2517,0.848
ALTA ROTACIÓN,DISEÑADOR WEB,UNIVERSITARIO,INGENIERÍA DE SOFTWARE,BOGOTÁ,1362,2517,0.848
CRÍTICO,GERENTE DE PROYECTOS,UNIVERSITARIO,INGENIERÍA DE SISTEMAS,BUCARAMANGA,3333,3525,0.0576
CRÍTICO,GERENTE DE PROYECTOS,UNIVERSITARIO,INGENIERÍA DE SISTEMAS,CALI,4255,4464,0.0491
CRÍTICO,GERENTE DE PROYECTOS,UNIVERSITARIO,INGENIERÍA DE SISTEMAS,PEREIRA,2795,2683,-0.0401
CRÍTICO,GERENTE DE PROYECTOS,UNIVERSITARIO,INGENIERÍA DE SISTEMAS,MANIZALES,2124,2145,0.0099
CRÍTICO,GERENTE DE PROYECTOS,UNIVERSITARIO,INGENIERÍA DE SISTEMAS,BOGOTÁ,25659,25226,-0.0169
CRÍTICO,GERENTE TÉCNICO Y DE DESARROLLO,UNIVERSITARIO,INGENIERÍA DE SISTEMAS,MANIZALES,2124,2145,0.0099
ALTA ROTACIÓN,GERENTE TÉCNICO Y DE DESARROLLO,UNIVERSITARIO,INGENIERÍA DE SISTEMAS,MANIZALES,2124,2145,0.0099
CRÍTICO,GERENTE TÉCNICO Y DE DESARROLLO,UNIVERSITARIO,INGENIERÍA ELECTRÓNICA,MEDELLÍN,498,628,0.261
ALTA ROTACIÓN,GERENTE TÉCNICO Y DE DESARROLLO,UNIVERSITARIO,INGENIERÍA ELECTRÓNICA,MEDELLÍN,498,628,0.261
CRÍTICO,GERENTE TÉCNICO Y DE DESARROLLO,UNIVERSITARIO,INGENIERÍA ELECTRÓNICA,MANIZALES,236,304,0.2881
ALTA ROTACIÓN,GERENTE TÉCNICO Y DE DESARROLLO,UNIVERSITARIO,INGENIERÍA ELECTRÓNICA,MANIZALES,236,304,0.2881
CRÍTICO,GERENTE TÉCNICO Y DE DESARROLLO,UNIVERSITARIO,INGENIERÍA DE SISTEMAS,BOGOTÁ,25659,25226,-0.0169
ALTA ROTACIÓN,GERENTE TÉCNICO Y DE DESARROLLO,UNIVERSITARIO,INGENIERÍA DE SISTEMAS,BOGOTÁ,25659,25226,-0.0169
CRÍTICO,GERENTE TÉCNICO Y DE DESARROLLO,UNIVERSITARIO,INGENIERÍA ELECTRÓNICA,BOGOTÁ,11772,10896,-0.0744
ALTA ROTACIÓN,GERENTE TÉCNICO Y DE DESARROLLO,UNIVERSITARIO,INGENIERÍA ELECTRÓNICA,BOGOTÁ,11772,10896,-0.0744
CRÍTICO,GERENTE TÉCNICO Y DE DESARROLLO,UNIVERSITARIO,INGENIERÍA DE SISTEMAS,MEDELLÍN,8307,9279,0.117
ALTA ROTACIÓN,GERENTE TÉCNICO Y DE DESARROLLO,UNIVERSITARIO,INGENIERÍA DE SISTEMAS,MEDELLÍN,8307,9279,0.117
CRÍTICO,GERENTE TÉCNICO Y DE DESARROLLO,UNIVERSITARIO,INGENIERÍA EN INFORMÁTICA,MEDELLÍN,1267,2244,0.7711
ALTA ROTACIÓN,GERENTE TÉCNICO Y DE DESARROLLO,UNIVERSITARIO,INGENIERÍA EN INFORMÁTICA,MEDELLÍN,1267,2244,0.7711
CRÍTICO,GERENTE TÉCNICO Y DE DESARROLLO,UNIVERSITARIO,INGENIERÍA EN INFORMÁTICA,BOGOTÁ,289,304,0.0519
ALTA ROTACIÓN,GERENTE TÉCNICO Y DE DESARROLLO,UNIVERSITARIO,INGENIERÍA EN INFORMÁTICA,BOGOTÁ,289,304,0.0519
CRÍTICO,GERENTE TÉCNICO Y DE DESARROLLO,POSGRADO,TELECOMUNICACIONES,BOGOTÁ,420,242,-0.4238
ALTA ROTACIÓN,GERENTE TÉCNICO Y DE DESARROLLO,POSGRADO,TELECOMUNICACIONES,BOGOTÁ,420,242,-0.4238
CRÍTICO,GERENTE TÉCNICO Y DE DESARROLLO,POSGRADO,ESPECIALIZACIÓN EN DESARROLLO DE SOFTWARE,MEDELLÍN,43,47,0.093
ALTA ROTACIÓN,GERENTE TÉCNICO Y DE DESARROLLO,POSGRADO,ESPECIALIZACIÓN EN DESARROLLO DE SOFTWARE,MEDELLÍN,43,47,0.093
CRÍTICO,INGENIERO DE DESARROLLO,TECNÓLOGO,TECNOLOGÍA DE SOFTWARE,BOGOTÁ,1571,1542,-0.0185
ALTA DEMANDA,INGENIERO DE DESARROLLO,TECNÓLOGO,TECNOLOGÍA DE SOFTWARE,BOGOTÁ,1571,1542,-0.0185
ALTA ROTACIÓN,INGENIERO DE DESARROLLO,TECNÓLOGO,TECNOLOGÍA DE SOFTWARE,BOGOTÁ,1571,1542,-0.0185
CRÍTICO,INGENIERO DE DESARROLLO,TECNÓLOGO,TECNOLOGÍA DE SOFTWARE,MEDELLÍN,581,1082,0.8623
ALTA DEMANDA,INGENIERO DE DESARROLLO,TECNÓLOGO,TECNOLOGÍA DE SOFTWARE,MEDELLÍN,581,1082,0.8623
ALTA ROTACIÓN,INGENIERO DE DESARROLLO,TECNÓLOGO,TECNOLOGÍA DE SOFTWARE,MEDELLÍN,581,1082,0.8623
CRÍTICO,INGENIERO DE DESARROLLO,TECNÓLOGO,TECNOLOGÍA DE SOFTWARE,CALI,34,45,0.3235
ALTA DEMANDA,INGENIERO DE DESARROLLO,TECNÓLOGO,TECNOLOGÍA DE SOFTWARE,CALI,34,45,0.3235
ALTA ROTACIÓN,INGENIERO DE DESARROLLO,TECNÓLOGO,TECNOLOGÍA DE SOFTWARE,CALI,34,45,0.3235
CRÍTICO,INGENIERO DE DESARROLLO,TECNÓLOGO,TECNOLOGÍA DE SOFTWARE,ARMENIA,0,67,-1
ALTA DEMANDA,INGENIERO DE DESARROLLO,TECNÓLOGO,TECNOLOGÍA DE SOFTWARE,ARMENIA,0,67,-1
ALTA ROTACIÓN,INGENIERO DE DESARROLLO,TECNÓLOGO,TECNOLOGÍA DE SOFTWARE,ARMENIA,0,67,-1
CRÍTICO,INGENIERO DE DESARROLLO,UNIVERSITARIO,INGENIERÍA DE SISTEMAS,MEDELLÍN,8307,9279,0.117
ALTA DEMANDA,INGENIERO DE DESARROLLO,UNIVERSITARIO,INGENIERÍA DE SISTEMAS,MEDELLÍN,8307,9279,0.117
ALTA ROTACIÓN,INGENIERO DE DESARROLLO,UNIVERSITARIO,INGENIERÍA DE SISTEMAS,MEDELLÍN,8307,9279,0.117
CRÍTICO,INGENIERO DE DESARROLLO,UNIVERSITARIO,INGENIERÍA DE SISTEMAS,CALI,4255,4464,0.0491
ALTA DEMANDA,INGENIERO DE DESARROLLO,UNIVERSITARIO,INGENIERÍA DE SISTEMAS,CALI,4255,4464,0.0491
ALTA ROTACIÓN,INGENIERO DE DESARROLLO,UNIVERSITARIO,INGENIERÍA DE SISTEMAS,CALI,4255,4464,0.0491
CRÍTICO,INGENIERO DE DESARROLLO,UNIVERSITARIO,INGENIERÍA DE SISTEMAS,MANIZALES,2124,2145,0.0099
ALTA DEMANDA,INGENIERO DE DESARROLLO,UNIVERSITARIO,INGENIERÍA DE SISTEMAS,MANIZALES,2124,2145,0.0099
ALTA ROTACIÓN,INGENIERO DE DESARROLLO,UNIVERSITARIO,INGENIERÍA DE SISTEMAS,MANIZALES,2124,2145,0.0099
CRÍTICO,INGENIERO DE DESARROLLO,UNIVERSITARIO,INGENIERÍA DE SOFTWARE,MEDELLÍN,472,574,0.2161
ALTA DEMANDA,INGENIERO DE DESARROLLO,UNIVERSITARIO,INGENIERÍA DE SOFTWARE,MEDELLÍN,472,574,0.2161
ALTA ROTACIÓN,INGENIERO DE DESARROLLO,UNIVERSITARIO,INGENIERÍA DE SOFTWARE,MEDELLÍN,472,574,0.2161
CRÍTICO,INGENIERO DE DESARROLLO,UNIVERSITARIO,INGENIERÍA DE SISTEMAS,BUCARAMANGA,3333,3525,0.0576
ALTA DEMANDA,INGENIERO DE DESARROLLO,UNIVERSITARIO,INGENIERÍA DE SISTEMAS,BUCARAMANGA,3333,3525,0.0576
ALTA ROTACIÓN,INGENIERO DE DESARROLLO,UNIVERSITARIO,INGENIERÍA DE SISTEMAS,BUCARAMANGA,3333,3525,0.0576
CRÍTICO,INGENIERO DE DESARROLLO,UNIVERSITARIO,INGENIERÍA DE SOFTWARE,ARMENIA,60,55,-0.0833
ALTA DEMANDA,INGENIERO DE DESARROLLO,UNIVERSITARIO,INGENIERÍA DE SOFTWARE,ARMENIA,60,55,-0.0833
ALTA ROTACIÓN,INGENIERO DE DESARROLLO,UNIVERSITARIO,INGENIERÍA DE SOFTWARE,ARMENIA,60,55,-0.0833
CRÍTICO,INGENIERO DE DESARROLLO,UNIVERSITARIO,INGENIERÍA DE SISTEMAS,BOGOTÁ,25659,25226,-0.0169
ALTA DEMANDA,INGENIERO DE DESARROLLO,UNIVERSITARIO,INGENIERÍA DE SISTEMAS,BOGOTÁ,25659,25226,-0.0169
ALTA ROTACIÓN,INGENIERO DE DESARROLLO,UNIVERSITARIO,INGENIERÍA DE SISTEMAS,BOGOTÁ,25659,25226,-0.0169
CRÍTICO,INGENIERO DE DESARROLLO,UNIVERSITARIO,INGENIERÍA DE SOFTWARE,BOGOTÁ,1362,2517,0.848
ALTA DEMANDA,INGENIERO DE DESARROLLO,UNIVERSITARIO,INGENIERÍA DE SOFTWARE,BOGOTÁ,1362,2517,0.848
ALTA ROTACIÓN,INGENIERO DE DESARROLLO,UNIVERSITARIO,INGENIERÍA DE SOFTWARE,BOGOTÁ,1362,2517,0.848
CRÍTICO,INGENIERO DE DESARROLLO,UNIVERSITARIO,INGENIERÍA DE SISTEMAS,ARMENIA,1304,1541,0.1817
ALTA DEMANDA,INGENIERO DE DESARROLLO,UNIVERSITARIO,INGENIERÍA DE SISTEMAS,ARMENIA,1304,1541,0.1817
ALTA ROTACIÓN,INGENIERO DE DESARROLLO,UNIVERSITARIO,INGENIERÍA DE SISTEMAS,ARMENIA,1304,1541,0.1817
CRÍTICO,INGENIERO DE DESARROLLO,UNIVERSITARIO,INGENIERÍA DE SOFTWARE,BUCARAMANGA,44,68,0.5455
ALTA DEMANDA,INGENIERO DE DESARROLLO,UNIVERSITARIO,INGENIERÍA DE SOFTWARE,BUCARAMANGA,44,68,0.5455
ALTA ROTACIÓN,INGENIERO DE DESARROLLO,UNIVERSITARIO,INGENIERÍA DE SOFTWARE,BUCARAMANGA,44,68,0.5455
CRÍTICO,INGENIERO DE DESARROLLO,POSGRADO,ARQUITECTURA EMPRESARIAL,BOGOTÁ,133,148,0.1128
ALTA DEMANDA,INGENIERO DE DESARROLLO,POSGRADO,ARQUITECTURA EMPRESARIAL,BOGOTÁ,133,148,0.1128
ALTA ROTACIÓN,INGENIERO DE DESARROLLO,POSGRADO,ARQUITECTURA EMPRESARIAL,BOGOTÁ,133,148,0.1128
CRÍTICO,INGENIERO DE DESARROLLO,POSGRADO,ESPECIALIZACIÓN EN DESARROLLO DE SOFTWARE,MEDELLÍN,43,47,0.093
ALTA DEMANDA,INGENIERO DE DESARROLLO,POSGRADO,ESPECIALIZACIÓN EN DESARROLLO DE SOFTWARE,MEDELLÍN,43,47,0.093
ALTA ROTACIÓN,INGENIERO DE DESARROLLO,POSGRADO,ESPECIALIZACIÓN EN DESARROLLO DE SOFTWARE,MEDELLÍN,43,47,0.093
CRÍTICO,INGENIERO DE DESARROLLO,POSGRADO,"MAESTRÍA EN GESTIÓN, APLICACIÓN Y DESARROLLO DE SOFTWARE",BUCARAMANGA,7,16,1.2857
ALTA DEMANDA,INGENIERO DE DESARROLLO,POSGRADO,"MAESTRÍA EN GESTIÓN, APLICACIÓN Y DESARROLLO DE SOFTWARE",BUCARAMANGA,7,16,1.2857
ALTA ROTACIÓN,INGENIERO DE DESARROLLO,POSGRADO,"MAESTRÍA EN GESTIÓN, APLICACIÓN Y DESARROLLO DE SOFTWARE",BUCARAMANGA,7,16,1.2857
CRÍTICO,INGENIERO DE DESARROLLO,POSGRADO,GERENCIA DE PROYECTOS,BOGOTÁ,274,251,-0.0839
ALTA DEMANDA,INGENIERO DE DESARROLLO,POSGRADO,GERENCIA DE PROYECTOS,BOGOTÁ,274,251,-0.0839
ALTA ROTACIÓN,INGENIERO DE DESARROLLO,POSGRADO,GERENCIA DE PROYECTOS,BOGOTÁ,274,251,-0.0839
CRÍTICO,INGENIERO DE DESARROLLO,POSGRADO,MAESTRÍA EN GESTIÓN Y DESARROLLO DE PROYECTOS DE SOFTWARE,MANIZALES,41,48,0.1707
ALTA DEMANDA,INGENIERO DE DESARROLLO,POSGRADO,MAESTRÍA EN GESTIÓN Y DESARROLLO DE PROYECTOS DE SOFTWARE,MANIZALES,41,48,0.1707
ALTA ROTACIÓN,INGENIERO DE DESARROLLO,POSGRADO,MAESTRÍA EN GESTIÓN Y DESARROLLO DE PROYECTOS DE SOFTWARE,MANIZALES,41,48,0.1707
CRÍTICO,INGENIERO DE IMPLEMENTACIÓN,UNIVERSITARIO,INGENIERÍA ELECTRÓNICA,BUCARAMANGA,2787,2616,-0.0614
ALTA DEMANDA,INGENIERO DE IMPLEMENTACIÓN,UNIVERSITARIO,INGENIERÍA ELECTRÓNICA,BUCARAMANGA,2787,2616,-0.0614
ALTA ROTACIÓN,INGENIERO DE IMPLEMENTACIÓN,UNIVERSITARIO,INGENIERÍA ELECTRÓNICA,BUCARAMANGA,2787,2616,-0.0614
CRÍTICO,INGENIERO DE IMPLEMENTACIÓN,UNIVERSITARIO,INGENIERÍA ELECTRÓNICA,BOGOTÁ,11772,10896,-0.0744
ALTA DEMANDA,INGENIERO DE IMPLEMENTACIÓN,UNIVERSITARIO,INGENIERÍA ELECTRÓNICA,BOGOTÁ,11772,10896,-0.0744
ALTA ROTACIÓN,INGENIERO DE IMPLEMENTACIÓN,UNIVERSITARIO,INGENIERÍA ELECTRÓNICA,BOGOTÁ,11772,10896,-0.0744
CRÍTICO,INGENIERO DE IMPLEMENTACIÓN,UNIVERSITARIO,INGENIERÍA DE SISTEMAS,BOGOTÁ,25659,25226,-0.0169
ALTA DEMANDA,INGENIERO DE IMPLEMENTACIÓN,UNIVERSITARIO,INGENIERÍA DE SISTEMAS,BOGOTÁ,25659,25226,-0.0169
ALTA ROTACIÓN,INGENIERO DE IMPLEMENTACIÓN,UNIVERSITARIO,INGENIERÍA DE SISTEMAS,BOGOTÁ,25659,25226,-0.0169
CRÍTICO,INGENIERO DE IMPLEMENTACIÓN,UNIVERSITARIO,INGENIERÍA DE SISTEMAS,PEREIRA,2795,2683,-0.0401
ALTA DEMANDA,INGENIERO DE IMPLEMENTACIÓN,UNIVERSITARIO,INGENIERÍA DE SISTEMAS,PEREIRA,2795,2683,-0.0401
ALTA ROTACIÓN,INGENIERO DE IMPLEMENTACIÓN,UNIVERSITARIO,INGENIERÍA DE SISTEMAS,PEREIRA,2795,2683,-0.0401
CRÍTICO,INGENIERO DE IMPLEMENTACIÓN,UNIVERSITARIO,INGENIERÍA DE SISTEMAS,ARMENIA,1304,1541,0.1817
ALTA DEMANDA,INGENIERO DE IMPLEMENTACIÓN,UNIVERSITARIO,INGENIERÍA DE SISTEMAS,ARMENIA,1304,1541,0.1817
ALTA ROTACIÓN,INGENIERO DE IMPLEMENTACIÓN,UNIVERSITARIO,INGENIERÍA DE SISTEMAS,ARMENIA,1304,1541,0.1817
CRÍTICO,INGENIERO DE IMPLEMENTACIÓN,UNIVERSITARIO,INGENIERÍA DE SISTEMAS,BUCARAMANGA,3333,3525,0.0576
ALTA DEMANDA,INGENIERO DE IMPLEMENTACIÓN,UNIVERSITARIO,INGENIERÍA DE SISTEMAS,BUCARAMANGA,3333,3525,0.0576
ALTA ROTACIÓN,INGENIERO DE IMPLEMENTACIÓN,UNIVERSITARIO,INGENIERÍA DE SISTEMAS,BUCARAMANGA,3333,3525,0.0576
CRÍTICO,INGENIERO DE MERCHANDISING,UNIVERSITARIO,INGENIERÍA DE SISTEMAS,MEDELLÍN,8307,9279,0.117
ALTA DEMANDA,INGENIERO DE PRUEBAS DE SOFTWARE,TÉCNICO,TÉCNICO EN SISTEMAS,BOGOTÁ,0,0,0
ALTA DEMANDA,INGENIERO DE PRUEBAS DE SOFTWARE,UNIVERSITARIO,INGENIERÍA DE SISTEMAS,MANIZALES,2124,2145,0.0099
ALTA DEMANDA,INGENIERO DE PRUEBAS DE SOFTWARE,UNIVERSITARIO,INGENIERÍA DE SISTEMAS,BOGOTÁ,25659,25226,-0.0169
CRÍTICO,INGENIERO DE SOPORTE,TECNÓLOGO,TECNOLOGÍA EN ANÁLISIS Y DESARROLLO DE SISTEMAS DE INFORMACIÓN,MEDELLÍN,6178,4750,-0.2311
ALTA DEMANDA,INGENIERO DE SOPORTE,TECNÓLOGO,TECNOLOGÍA EN ANÁLISIS Y DESARROLLO DE SISTEMAS DE INFORMACIÓN,MEDELLÍN,6178,4750,-0.2311
ALTA ROTACIÓN,INGENIERO DE SOPORTE,TECNÓLOGO,TECNOLOGÍA EN ANÁLISIS Y DESARROLLO DE SISTEMAS DE INFORMACIÓN,MEDELLÍN,6178,4750,-0.2311
CRÍTICO,INGENIERO DE SOPORTE,TECNÓLOGO,TECNOLOGÍA EN ANÁLISIS Y DESARROLLO DE SISTEMAS DE INFORMACIÓN,BOGOTÁ,14217,15000,0.0551
ALTA DEMANDA,INGENIERO DE SOPORTE,TECNÓLOGO,TECNOLOGÍA EN ANÁLISIS Y DESARROLLO DE SISTEMAS DE INFORMACIÓN,BOGOTÁ,14217,15000,0.0551
ALTA ROTACIÓN,INGENIERO DE SOPORTE,TECNÓLOGO,TECNOLOGÍA EN ANÁLISIS Y DESARROLLO DE SISTEMAS DE INFORMACIÓN,BOGOTÁ,14217,15000,0.0551
CRÍTICO,INGENIERO DE SOPORTE,TECNÓLOGO,TECNOLOGÍA EN DESARROLLO DE SISTEMAS INFORMÁTICOS,BUCARAMANGA,1210,1209,-0.0008
ALTA DEMANDA,INGENIERO DE SOPORTE,TECNÓLOGO,TECNOLOGÍA EN DESARROLLO DE SISTEMAS INFORMÁTICOS,BUCARAMANGA,1210,1209,-0.0008
ALTA ROTACIÓN,INGENIERO DE SOPORTE,TECNÓLOGO,TECNOLOGÍA EN DESARROLLO DE SISTEMAS INFORMÁTICOS,BUCARAMANGA,1210,1209,-0.0008
CRÍTICO,INGENIERO DE SOPORTE,TECNÓLOGO,TECNOLOGÍA EN ANÁLISIS Y DESARROLLO DE SISTEMAS DE INFORMACIÓN,MANIZALES,1829,1291,-0.2941
ALTA DEMANDA,INGENIERO DE SOPORTE,TECNÓLOGO,TECNOLOGÍA EN ANÁLISIS Y DESARROLLO DE SISTEMAS DE INFORMACIÓN,MANIZALES,1829,1291,-0.2941
ALTA ROTACIÓN,INGENIERO DE SOPORTE,TECNÓLOGO,TECNOLOGÍA EN ANÁLISIS Y DESARROLLO DE SISTEMAS DE INFORMACIÓN,MANIZALES,1829,1291,-0.2941
CRÍTICO,INGENIERO DE SOPORTE,TECNÓLOGO,TECNOLOGÍA EN SISTEMAS DE INFORMACIÓN,CALI,3407,3592,0.0543
ALTA DEMANDA,INGENIERO DE SOPORTE,TECNÓLOGO,TECNOLOGÍA EN SISTEMAS DE INFORMACIÓN,CALI,3407,3592,0.0543
ALTA ROTACIÓN,INGENIERO DE SOPORTE,TECNÓLOGO,TECNOLOGÍA EN SISTEMAS DE INFORMACIÓN,CALI,3407,3592,0.0543
CRÍTICO,INGENIERO DE SOPORTE,UNIVERSITARIO,INGENIERÍA DE SISTEMAS,MEDELLÍN,8307,9279,0.117
ALTA DEMANDA,INGENIERO DE SOPORTE,UNIVERSITARIO,INGENIERÍA DE SISTEMAS,MEDELLÍN,8307,9279,0.117
ALTA ROTACIÓN,INGENIERO DE SOPORTE,UNIVERSITARIO,INGENIERÍA DE SISTEMAS,MEDELLÍN,8307,9279,0.117
CRÍTICO,INGENIERO DE SOPORTE,UNIVERSITARIO,INGENIERÍA DE SOFTWARE,MEDELLÍN,472,574,0.2161
ALTA DEMANDA,INGENIERO DE SOPORTE,UNIVERSITARIO,INGENIERÍA DE SOFTWARE,MEDELLÍN,472,574,0.2161
ALTA ROTACIÓN,INGENIERO DE SOPORTE,UNIVERSITARIO,INGENIERÍA DE SOFTWARE,MEDELLÍN,472,574,0.2161
CRÍTICO,INGENIERO DE SOPORTE,UNIVERSITARIO,INGENIERÍA DE SISTEMAS,MANIZALES,2124,2145,0.0099
ALTA DEMANDA,INGENIERO DE SOPORTE,UNIVERSITARIO,INGENIERÍA DE SISTEMAS,MANIZALES,2124,2145,0.0099
ALTA ROTACIÓN,INGENIERO DE SOPORTE,UNIVERSITARIO,INGENIERÍA DE SISTEMAS,MANIZALES,2124,2145,0.0099
CRÍTICO,INGENIERO DE SOPORTE,UNIVERSITARIO,INGENIERÍA DE SISTEMAS,BOGOTÁ,25659,25226,-0.0169
ALTA DEMANDA,INGENIERO DE SOPORTE,UNIVERSITARIO,INGENIERÍA DE SISTEMAS,BOGOTÁ,25659,25226,-0.0169
ALTA ROTACIÓN,INGENIERO DE SOPORTE,UNIVERSITARIO,INGENIERÍA DE SISTEMAS,BOGOTÁ,25659,25226,-0.0169
CRÍTICO,INGENIERO DE SOPORTE,UNIVERSITARIO,INGENIERÍA DE SOFTWARE,BOGOTÁ,1362,2517,0.848
ALTA DEMANDA,INGENIERO DE SOPORTE,UNIVERSITARIO,INGENIERÍA DE SOFTWARE,BOGOTÁ,1362,2517,0.848
ALTA ROTACIÓN,INGENIERO DE SOPORTE,UNIVERSITARIO,INGENIERÍA DE SOFTWARE,BOGOTÁ,1362,2517,0.848
CRÍTICO,INGENIERO DE SOPORTE,UNIVERSITARIO,INGENIERÍA DE SISTEMAS,BUCARAMANGA,3333,3525,0.0576
ALTA DEMANDA,INGENIERO DE SOPORTE,UNIVERSITARIO,INGENIERÍA DE SISTEMAS,BUCARAMANGA,3333,3525,0.0576
ALTA ROTACIÓN,INGENIERO DE SOPORTE,UNIVERSITARIO,INGENIERÍA DE SISTEMAS,BUCARAMANGA,3333,3525,0.0576
CRÍTICO,INGENIERO DE SOPORTE,UNIVERSITARIO,INGENIERÍA DE SOFTWARE,BUCARAMANGA,44,68,0.5455
ALTA DEMANDA,INGENIERO DE SOPORTE,UNIVERSITARIO,INGENIERÍA DE SOFTWARE,BUCARAMANGA,44,68,0.5455
ALTA ROTACIÓN,INGENIERO DE SOPORTE,UNIVERSITARIO,INGENIERÍA DE SOFTWARE,BUCARAMANGA,44,68,0.5455
CRÍTICO,INGENIERO DE SOPORTE,UNIVERSITARIO,INGENIERÍA DE SISTEMAS,CALI,4255,4464,0.0491
ALTA DEMANDA,INGENIERO DE SOPORTE,UNIVERSITARIO,INGENIERÍA DE SISTEMAS,CALI,4255,4464,0.0491
ALTA ROTACIÓN,INGENIERO DE SOPORTE,UNIVERSITARIO,INGENIERÍA DE SISTEMAS,CALI,4255,4464,0.0491
ALTA DEMANDA,JEFE DE SISTEMAS,TECNÓLOGO,TECNOLOGÍA EN ANÁLISIS Y DESARROLLO DE SISTEMAS DE INFORMACIÓN,BOGOTÁ,14217,15000,0.0551
ALTA DEMANDA,JEFE DE SISTEMAS,TECNÓLOGO,TECNOLOGÍA EN ANÁLISIS Y DESARROLLO DE SISTEMAS DE INFORMACIÓN,MEDELLÍN,6178,4750,-0.2311
ALTA DEMANDA,JEFE DE SISTEMAS,TECNÓLOGO,TECNOLOGÍA EN ANÁLISIS Y DESARROLLO DE SISTEMAS DE INFORMACIÓN,BARRANQUILLA,3890,4009,0.0306
CRÍTICO,LIDER DE INFRAESTRUCTURA,TECNÓLOGO,TECNOLOGÍA DE SOFTWARE,MEDELLÍN,581,1082,0.8623
CRÍTICO,LIDER DE INFRAESTRUCTURA,TECNÓLOGO,TECNOLOGÍA DE SOFTWARE,BOGOTÁ,1571,1542,-0.0185
CRÍTICO,LIDER DE INFRAESTRUCTURA,TECNÓLOGO,TECNOLOGÍA DE SOFTWARE,BARRANQUILLA,333,220,-0.3393
CRÍTICO,LIDER DE INFRAESTRUCTURA,UNIVERSITARIO,INGENIERÍA DE SISTEMAS,BOGOTÁ,25659,25226,-0.0169
CRÍTICO,LIDER DE INFRAESTRUCTURA,UNIVERSITARIO,INGENIERÍA DE SISTEMAS,BARRANQUILLA,3198,3163,-0.0109
CRÍTICO,LIDER DE INFRAESTRUCTURA,UNIVERSITARIO,INGENIERÍA DE SISTEMAS,MANIZALES,2124,2145,0.0099
CRÍTICO,LIDER DE INFRAESTRUCTURA,UNIVERSITARIO,INGENIERÍA DE SISTEMAS,MEDELLÍN,8307,9279,0.117
CRÍTICO,LIDER DE INFRAESTRUCTURA,UNIVERSITARIO,INGENIERÍA DE SISTEMAS,BUCARAMANGA,3333,3525,0.0576
CRÍTICO,LIDER E-COMERCE,UNIVERSITARIO,INGENIERÍA DE SISTEMAS,BOGOTÁ,25659,25226,-0.0169
ALTA DEMANDA,LIDER E-COMERCE,UNIVERSITARIO,INGENIERÍA DE SISTEMAS,BOGOTÁ,25659,25226,-0.0169
CRÍTICO,LIDER E-COMERCE,UNIVERSITARIO,INGENIERÍA DE SOFTWARE,BOGOTÁ,1362,2517,0.848
ALTA DEMANDA,LIDER E-COMERCE,UNIVERSITARIO,INGENIERÍA DE SOFTWARE,BOGOTÁ,1362,2517,0.848
CRÍTICO,PROFESIONAL DE OPERACIONES,UNIVERSITARIO,INGENIERÍA ELECTRÓNICA,MANIZALES,236,304,0.2881
ALTA DEMANDA,PROFESIONAL DE OPERACIONES,UNIVERSITARIO,INGENIERÍA ELECTRÓNICA,MANIZALES,236,304,0.2881
ALTA ROTACIÓN,PROFESIONAL DE OPERACIONES,UNIVERSITARIO,INGENIERÍA ELECTRÓNICA,MANIZALES,236,304,0.2881
CRÍTICO,PROFESIONAL DE OPERACIONES,UNIVERSITARIO,INGENIERÍA DE SISTEMAS,MANIZALES,2124,2145,0.0099
ALTA DEMANDA,PROFESIONAL DE OPERACIONES,UNIVERSITARIO,INGENIERÍA DE SISTEMAS,MANIZALES,2124,2145,0.0099
ALTA ROTACIÓN,PROFESIONAL DE OPERACIONES,UNIVERSITARIO,INGENIERÍA DE SISTEMAS,MANIZALES,2124,2145,0.0099
CRÍTICO,PROFESIONAL DE OPERACIONES,UNIVERSITARIO,INGENIERÍA DE SISTEMAS,BOGOTÁ,25659,25226,-0.0169
ALTA DEMANDA,PROFESIONAL DE OPERACIONES,UNIVERSITARIO,INGENIERÍA DE SISTEMAS,BOGOTÁ,25659,25226,-0.0169
ALTA ROTACIÓN,PROFESIONAL DE OPERACIONES,UNIVERSITARIO,INGENIERÍA DE SISTEMAS,BOGOTÁ,25659,25226,-0.0169
CRÍTICO,PROFESIONAL DE OPERACIONES,UNIVERSITARIO,INGENIERÍA ELECTRÓNICA,BOGOTÁ,11772,10896,-0.0744
ALTA DEMANDA,PROFESIONAL DE OPERACIONES,UNIVERSITARIO,INGENIERÍA ELECTRÓNICA,BOGOTÁ,11772,10896,-0.0744
ALTA ROTACIÓN,PROFESIONAL DE OPERACIONES,UNIVERSITARIO,INGENIERÍA ELECTRÓNICA,BOGOTÁ,11772,10896,-0.0744
CRÍTICO,PROGRAMADOR,TECNÓLOGO,TECNOLOGÍA DE SOFTWARE,PEREIRA,195,574,1.9436
ALTA DEMANDA,PROGRAMADOR,TECNÓLOGO,TECNOLOGÍA DE SOFTWARE,PEREIRA,195,574,1.9436
CRÍTICO,PROGRAMADOR,TECNÓLOGO,TECNOLOGÍA DE SOFTWARE,PEREIRA,195,574,1.9436
ALTA DEMANDA,PROGRAMADOR,TECNÓLOGO,TECNOLOGÍA DE SOFTWARE,PEREIRA,195,574,1.9436
CRÍTICO,PROGRAMADOR,TECNÓLOGO,TECNOLOGÍA DE SOFTWARE,MEDELLÍN,581,1082,0.8623
ALTA DEMANDA,PROGRAMADOR,TECNÓLOGO,TECNOLOGÍA DE SOFTWARE,MEDELLÍN,581,1082,0.8623
CRÍTICO,PROGRAMADOR,TECNÓLOGO,TECNOLOGÍA DE SOFTWARE,BOGOTÁ,1571,1542,-0.0185
ALTA DEMANDA,PROGRAMADOR,TECNÓLOGO,TECNOLOGÍA DE SOFTWARE,BOGOTÁ,1571,1542,-0.0185
CRÍTICO,PROGRAMADOR,UNIVERSITARIO,INGENIERÍA DE SISTEMAS,PEREIRA,2795,2683,-0.0401
ALTA DEMANDA,PROGRAMADOR,UNIVERSITARIO,INGENIERÍA DE SISTEMAS,PEREIRA,2795,2683,-0.0401
CRÍTICO,PROGRAMADOR,UNIVERSITARIO,INGENIERÍA DE SISTEMAS,BUCARAMANGA,3333,3525,0.0576
ALTA DEMANDA,PROGRAMADOR,UNIVERSITARIO,INGENIERÍA DE SISTEMAS,BUCARAMANGA,3333,3525,0.0576
CRÍTICO,PROGRAMADOR,UNIVERSITARIO,INGENIERÍA DE SISTEMAS,BOGOTÁ,25659,25226,-0.0169
ALTA DEMANDA,PROGRAMADOR,UNIVERSITARIO,INGENIERÍA DE SISTEMAS,BOGOTÁ,25659,25226,-0.0169
CRÍTICO,PROGRAMADOR,UNIVERSITARIO,INGENIERÍA DE SISTEMAS,MANIZALES,2124,2145,0.0099
ALTA DEMANDA,PROGRAMADOR,UNIVERSITARIO,INGENIERÍA DE SISTEMAS,MANIZALES,2124,2145,0.0099
CRÍTICO,PROGRAMADOR,UNIVERSITARIO,INGENIERÍA EN INFORMÁTICA,BOGOTÁ,289,304,0.0519
ALTA DEMANDA,PROGRAMADOR,UNIVERSITARIO,INGENIERÍA EN INFORMÁTICA,BOGOTÁ,289,304,0.0519
CRÍTICO,PROGRAMADOR,UNIVERSITARIO,INGENIERÍA EN INFORMÁTICA,MEDELLÍN,1267,2244,0.7711
ALTA DEMANDA,PROGRAMADOR,UNIVERSITARIO,INGENIERÍA EN INFORMÁTICA,MEDELLÍN,1267,2244,0.7711
CRÍTICO,PROGRAMADOR,UNIVERSITARIO,INGENIERÍA DE SISTEMAS,MEDELLÍN,8307,9279,0.117
ALTA DEMANDA,PROGRAMADOR,UNIVERSITARIO,INGENIERÍA DE SISTEMAS,MEDELLÍN,8307,9279,0.117
CRÍTICO,PROGRAMADOR,POSGRADO,SEGURIDAD INFORMÁTICA,MEDELLÍN,151,191,0.2649
ALTA DEMANDA,PROGRAMADOR,POSGRADO,SEGURIDAD INFORMÁTICA,MEDELLÍN,151,191,0.2649
CRÍTICO,PROGRAMADOR,POSGRADO,SEGURIDAD INFORMÁTICA,BOGOTÁ,1141,783,-0.3138
ALTA DEMANDA,PROGRAMADOR,POSGRADO,SEGURIDAD INFORMÁTICA,BOGOTÁ,1141,783,-0.3138
CRÍTICO,PROGRAMADOR,POSGRADO,BIG DATA,MEDELLÍN,0,0,0
ALTA DEMANDA,PROGRAMADOR,POSGRADO,BIG DATA,MEDELLÍN,0,0,0
CRÍTICO,PROGRAMADOR,POSGRADO,SEGURIDAD INFORMÁTICA,BUCARAMANGA,82,100,0.2195
ALTA DEMANDA,PROGRAMADOR,POSGRADO,SEGURIDAD INFORMÁTICA,BUCARAMANGA,82,100,0.2195
CRÍTICO,TÉCNICO DE MANTENIMIENTO,TÉCNICO,TÉCNICO EN SISTEMAS,BOGOTÁ,0,0,0
CRÍTICO,TÉCNICO DE MANTENIMIENTO,TÉCNICO,AUXILIAR DE SISTEMAS INFORMÁTICOS,CALI,0,0,0
CRÍTICO,TÉCNICO DE MANTENIMIENTO,TÉCNICO,TÉCNICO LABORAL EN SISTEMAS INFORMÁTICOS,BARRANQUILLA,0,0,0
CRÍTICO,TÉCNICO DE SISTEMAS,TÉCNICO,AUXILIAR DE SISTEMAS INFORMÁTICOS,CALI,0,0,0
CRÍTICO,TÉCNICO DE SISTEMAS,TÉCNICO,TÉCNICO EN SISTEMAS,BOGOTÁ,0,0,0
CRÍTICO,TÉCNICO DE SISTEMAS,TÉCNICO,TÉCNICO EN SISTEMAS,MEDELLÍN,909,1160,0.2761
CRÍTICO,TÉCNICO DE SISTEMAS,TECNÓLOGO,TECNOLOGÍA EN SISTEMAS DE INFORMACIÓN,CALI,3407,3592,0.0543
CRÍTICO,TÉCNICO DE SISTEMAS,TECNÓLOGO,TECNOLOGÍA EN ANÁLISIS Y DESARROLLO DE SISTEMAS DE INFORMACIÓN,BOGOTÁ,14217,15000,0.0551
CRÍTICO,TÉCNICO DE SISTEMAS,TECNÓLOGO,TECNOLOGÍA EN ANÁLISIS Y DESARROLLO DE SISTEMAS DE INFORMACIÓN,MEDELLÍN,6178,4750,-0.2311
CRÍTICO,TÉCNICO DE SISTEMAS,UNIVERSITARIO,INGENIERÍA DE SISTEMAS,MEDELLÍN,8307,9279,0.117
CRÍTICO,TÉCNICO DE SISTEMAS,UNIVERSITARIO,INGENIERÍA DE SISTEMAS,BOGOTÁ,25659,25226,-0.0169
CRÍTICO,TÉCNICO DE SISTEMAS,UNIVERSITARIO,INGENIERÍA EN INFORMÁTICA,MEDELLÍN,1267,2244,0.7711
CRÍTICO,TÉCNICO DE SISTEMAS,UNIVERSITARIO,INGENIERÍA DE SISTEMAS,CALI,4255,4464,0.0491
CRÍTICO,TÉCNICO DE SISTEMAS,UNIVERSITARIO,INGENIERÍA EN INFORMÁTICA,BOGOTÁ,289,304,0.0519
CRÍTICO,TÉCNICO DE SISTEMAS,UNIVERSITARIO,INGENIERÍA EN INFORMÁTICA,CALI,1066,1044,-0.0206
CRÍTICO,TÉCNICO DE SOPORTE,TÉCNICO,TÉCNICO EN SISTEMAS,BOGOTÁ,0,0,0
ALTA DEMANDA,TÉCNICO DE SOPORTE,TÉCNICO,TÉCNICO EN SISTEMAS,BOGOTÁ,0,0,0
ALTA ROTACIÓN,TÉCNICO DE SOPORTE,TÉCNICO,TÉCNICO EN SISTEMAS,BOGOTÁ,0,0,0
CRÍTICO,TÉCNICO DE SOPORTE,TÉCNICO,TÉCNICO LABORAL EN SISTEMAS INFORMÁTICOS,BARRANQUILLA,0,0,0
ALTA DEMANDA,TÉCNICO DE SOPORTE,TÉCNICO,TÉCNICO LABORAL EN SISTEMAS INFORMÁTICOS,BARRANQUILLA,0,0,0
ALTA ROTACIÓN,TÉCNICO DE SOPORTE,TÉCNICO,TÉCNICO LABORAL EN SISTEMAS INFORMÁTICOS,BARRANQUILLA,0,0,0
CRÍTICO,TÉCNICO DE SOPORTE,UNIVERSITARIO,INGENIERÍA DE SISTEMAS,MANIZALES,2124,2145,0.0099
ALTA DEMANDA,TÉCNICO DE SOPORTE,UNIVERSITARIO,INGENIERÍA DE SISTEMAS,MANIZALES,2124,2145,0.0099
ALTA ROTACIÓN,TÉCNICO DE SOPORTE,UNIVERSITARIO,INGENIERÍA DE SISTEMAS,MANIZALES,2124,2145,0.0099
CRÍTICO,TÉCNICO DE SOPORTE,UNIVERSITARIO,INGENIERÍA DE SISTEMAS,BARRANQUILLA,3198,3163,-0.0109
ALTA DEMANDA,TÉCNICO DE SOPORTE,UNIVERSITARIO,INGENIERÍA DE SISTEMAS,BARRANQUILLA,3198,3163,-0.0109
ALTA ROTACIÓN,TÉCNICO DE SOPORTE,UNIVERSITARIO,INGENIERÍA DE SISTEMAS,BARRANQUILLA,3198,3163,-0.0109
CRÍTICO,TÉCNICO DE SOPORTE,UNIVERSITARIO,INGENIERÍA DE SISTEMAS,BOGOTÁ,25659,25226,-0.0169
ALTA DEMANDA,TÉCNICO DE SOPORTE,UNIVERSITARIO,INGENIERÍA DE SISTEMAS,BOGOTÁ,25659,25226,-0.0169
ALTA ROTACIÓN,TÉCNICO DE SOPORTE,UNIVERSITARIO,INGENIERÍA DE SISTEMAS,BOGOTÁ,25659,25226,-0.0169
CRÍTICO,TÉCNICO DE SOPORTE,UNIVERSITARIO,INGENIERÍA DE SISTEMAS,BUCARAMANGA,3333,3525,0.0576
ALTA DEMANDA,TÉCNICO DE SOPORTE,UNIVERSITARIO,INGENIERÍA DE SISTEMAS,BUCARAMANGA,3333,3525,0.0576
ALTA ROTACIÓN,TÉCNICO DE SOPORTE,UNIVERSITARIO,INGENIERÍA DE SISTEMAS,BUCARAMANGA,3333,3525,0.0576
CRÍTICO,VENDEDOR DE TECNOLOGÍA,UNIVERSITARIO,INGENIERÍA DE SISTEMAS,BOGOTÁ,25659,25226,-0.0169
ALTA DEMANDA,VENDEDOR DE TECNOLOGÍA,UNIVERSITARIO,INGENIERÍA DE SISTEMAS,BOGOTÁ,25659,25226,-0.0169
CRÍTICO,VENDEDOR DE TECNOLOGÍA,UNIVERSITARIO,INGENIERÍA DE SISTEMAS,BUCARAMANGA,3333,3525,0.0576
ALTA DEMANDA,VENDEDOR DE TECNOLOGÍA,UNIVERSITARIO,INGENIERÍA DE SISTEMAS,BUCARAMANGA,3333,3525,0.0576
